prom_i,tf,chr_num,mot_seq,mot_start_i,mot_end_i,mot_direction,ChEC,MNase,MNase_ddmsn,Segal_in_vitro,Segal_in_vivo,ATAC,ATAC_ddmsn,lib
4476,Msn2,12,AGGGG,653417,653422,0,2700.6526196281866,2.871232987747858,2.5282350019963746,1.3753841463414633,0.2963064024390244,9.989341315811961,8.8930863054864,30
3941,Msn2,11,CCCCT,660338,660343,1,5904.898447461541,3.16555965645266,3.4524186552990015,0.9927804878048779,0.5728018292682927,9.24206249444234,7.264399452785043,32
3238,Msn2,9,CCCCT,639423,639428,1,1330.1810090171462,1.980204035169891,3.9441688516674067,1.0620853658536586,0.7334237804878049,7.943635791749594,7.02910038755433,40
3238,Msn2,9,AGGGG,639484,639489,0,423.33993980833515,3.7069205974750457,3.6467993961103624,0.8984085365853657,0.3347774390243901,9.031193649408426,8.640272002492013,40
56,Msn2,0,AGGGG,33135,33140,0,2366.177390308371,3.328794719202092,3.4759214098231075,1.0582195121951221,0.8222378048780487,6.9321236997805284,7.242305803641292,56
56,Msn2,0,AGGGG,33185,33190,0,878.3640319835257,4.706024265187696,4.3874032581331,1.107469512195122,1.6047865853658534,7.505069795260797,4.957996834559763,56
5593,Msn2,15,AGGGG,527176,527181,0,5064.217386040323,2.6529086501596706,2.2188376349121643,0.5438268292682926,0.20435420731707316,8.972380519067176,8.354289011871545,66
1691,Msn2,4,CCCCT,468111,468116,1,2499.0442171288,2.5640969697950826,3.2485904759338795,-0.004338719512195127,0.028609756097560966,8.033948510085803,6.949897218087089,69
1691,Msn2,4,CCCCT,468104,468109,1,248.32349848539877,2.616242246461221,3.148761558177848,0.02700701219512194,0.03496951219512196,8.097978318900166,7.756091331038017,69
6022,Msn2,15,AGGGG,860979,860984,0,2548.2855915532828,3.7819280072617794,3.7324548324310913,-0.7725365853658537,-0.9859371951219512,3.4493255283462054,0.0,72
6022,Msn2,15,AGGGG,860948,860953,0,1574.4788549979871,3.899769160929875,3.6865121565584356,-0.569219512195122,-0.8078817073170732,5.604218075739016,0.0,72
6361,Msn2,13,CCCCT,692062,692067,1,2127.4008527832716,4.094125546054369,4.168376130633304,-0.11280182926829271,0.19649658536585365,6.097850445447907,0.0,78
1263,Msn2,3,CCCCT,1156499,1156504,1,1392.1727322833551,2.53011806329814,2.0769775953261025,-0.28783670731707317,-0.5006646341463414,8.452936442459432,7.285858603250835,86
1852,Msn2,5,AGGGG,255543,255548,0,6950.503146201463,2.355915882068531,3.6290129046071566,0.8040006097560976,0.8202378048780488,9.744314342432343,6.922757862246181,87
1852,Msn2,5,AGGGG,255522,255527,0,3792.317390402399,2.411178750131623,3.7531001894466294,0.683479268292683,0.7050426829268291,9.044718447465273,6.80836802409344,87
1852,Msn2,5,AGGGG,255580,255585,0,1333.2967292405626,3.1498651781664018,5.13143635864725,0.7464268292682926,1.0103353658536585,7.828646829839746,5.562994418601295,87
5809,Msn2,15,CCCCT,114815,114820,1,1519.9134322264204,2.917709920879279,3.9559818953329575,1.292853048780488,0.14815975609756102,7.626152614891278,8.010371655627383,88
5809,Msn2,15,AGGGG,114736,114741,0,360.1445127658936,3.3071226042495656,4.831321758525884,1.4430579268292685,0.20921768292682927,7.972227820059809,7.428295013930184,88
4669,Reb1,13,TTACCCG,503310,503317,0,1132.5319606135054,1.6723783024599173,1.7789415120334933,0.5012493902439025,-0.2951981707317073,8.596767428805448,7.72500763839749,74
5286,Reb1,14,TTACCCG,514792,514799,0,3683.4214828814543,2.393285682894171,1.608105434012784,1.8019512195121954,0.27496158536585363,8.36451477770971,8.768295869322554,76
5286,Reb1,14,TACCCG,514852,514858,0,1168.695067958798,2.6378967347563846,2.014736760508698,1.2183554878048781,-0.13524999999999998,9.809472901943822,9.22961550628788,76
1981,Abf1,6,CGTACATAGTGA,272080,272092,0,3936.3665547388473,2.25102316505589,2.0722697719956296,1.4384756097560978,0.553594512195122,10.83101743680547,10.386457510993939,51
1981,Abf1,6,TCCACACCGTACG,272041,272054,1,21.74546697868648,2.349278623784375,1.9553426670451994,1.4498292682926832,0.39990243902439027,11.235524308115851,11.10589473721769,51
5286,Abf1,14,CGTTCGGTAGGGA,514856,514869,0,77.88665889733221,2.6606439817347893,2.0674453943406195,1.029733536585366,-0.1591280487804878,9.788614689523802,9.56106037094,76
2737,Abf1,8,CGTACCAAGGGA,254306,254318,0,1009.9114425202531,2.0481511717026586,1.5588209666960953,0.9474207317073171,0.5568170731707317,10.577315387072243,10.388938585671818,81
2737,Abf1,8,TCACTCTGTACG,254320,254332,1,181.43874408683104,2.115943971879351,1.6106323881902642,0.9977621951219514,0.6572743902439024,9.915772584801827,9.474603843602456,81
6077,Rap1,10,CACCC,258837,258842,0,777.2552397852146,1.5202514040777002,2.1216537167939604,0.534469512195122,-0.21348475609756096,9.454934143961847,9.578616569020678,50
1753,Rap1,5,CACCC,95684,95689,0,966.586993927295,1.498469321532591,1.243792655745825,0.8369878048780487,0.3242987804878049,10.436498530405252,10.151181837679315,58
2737,Rap1,8,GGGTG,254364,254369,1,1185.5948326264563,2.3254915779969183,1.327457151615939,0.968219512195122,0.5591524390243902,9.689911225403998,9.804513960057193,81
2737,Rap1,8,GGGTG,254331,254336,1,114.23812846359495,2.142440808326394,1.575618840665817,1.0193231707317076,0.6880670731707317,9.927601075573767,9.708067067536412,81
