Unnamed: 0,1_0_1,1_0_2,1_0_3,1_180_1,1_180_2,1_180_3,1_60_1,1_60_2,1_60_3,2_0_1,2_0_2,2_0_3,2_180_1,2_180_2,2_180_3,2_60_1,2_60_2,2_60_3
AAAAAN,1.0,2.0,0.0,3.0,2.0,0.0,1.0,0.0,2.0,0.0,2.0,0.0,1.0,0.0,1.0,3.0,1.0,1.0
AAACNC,1.0,0.0,1.0,2.0,0.0,0.0,0.0,2.0,1.0,1.0,1.0,0.0,0.0,0.0,0.0,3.0,0.0,3.0
AAAGAC,1.0,1.0,3.0,0.0,0.0,0.0,1.0,0.0,1.0,0.0,1.0,7.0,1.0,2.0,1.0,1.0,0.0,1.0
AAATAA,1.0,0.0,2.0,1.0,2.0,0.0,1.0,1.0,0.0,1.0,1.0,0.0,0.0,0.0,0.0,0.0,0.0,0.0
AAATAC,1.0,0.0,0.0,1.0,1.0,0.0,1.0,0.0,0.0,0.0,0.0,0.0,0.0,1.0,0.0,0.0,1.0,0.0
AAATCA,1.0,0.0,0.0,0.0,1.0,0.0,0.0,0.0,0.0,0.0,0.0,0.0,2.0,0.0,0.0,1.0,1.0,0.0
AAATCC,1.0,0.0,1.0,0.0,0.0,0.0,1.0,0.0,2.0,0.0,0.0,0.0,1.0,0.0,0.0,0.0,0.0,0.0
AACAAN,1.0,4.0,1.0,2.0,2.0,0.0,0.0,1.0,0.0,1.0,2.0,2.0,0.0,0.0,0.0,0.0,1.0,1.0
AACANC,1.0,3.0,1.0,0.0,0.0,0.0,0.0,2.0,1.0,0.0,0.0,3.0,0.0,0.0,0.0,2.0,2.0,1.0
AACCGA,1.0,1.0,2.0,2.0,2.0,3.0,4.0,5.0,5.0,3.0,1.0,2.0,5.0,2.0,1.0,1.0,2.0,2.0
AACCGC,1.0,0.0,0.0,0.0,1.0,1.0,1.0,4.0,1.0,3.0,3.0,0.0,2.0,5.0,5.0,2.0,2.0,2.0
AACCNA,1.0,2.0,2.0,0.0,0.0,0.0,1.0,2.0,1.0,1.0,1.0,0.0,0.0,0.0,0.0,1.0,0.0,5.0
AACCNC,1.0,2.0,0.0,2.0,0.0,0.0,1.0,0.0,0.0,0.0,1.0,0.0,0.0,0.0,0.0,2.0,1.0,2.0
AACCTC,1.0,1.0,3.0,0.0,0.0,1.0,1.0,0.0,1.0,1.0,1.0,1.0,1.0,1.0,1.0,2.0,3.0,3.0
AACGCC,1.0,1.0,2.0,0.0,2.0,0.0,0.0,0.0,0.0,0.0,1.0,1.0,0.0,0.0,2.0,0.0,1.0,1.0
AACTCC,1.0,0.0,1.0,0.0,0.0,0.0,1.0,1.0,1.0,0.0,0.0,1.0,0.0,0.0,0.0,1.0,0.0,0.0
AAGAAC,1.0,1.0,1.0,2.0,0.0,3.0,1.0,1.0,3.0,1.0,0.0,0.0,0.0,0.0,0.0,0.0,1.0,0.0
AAGCAC,1.0,1.0,4.0,1.0,0.0,0.0,1.0,0.0,0.0,3.0,0.0,2.0,0.0,1.0,0.0,0.0,1.0,0.0
AATAAC,1.0,4.0,2.0,2.0,1.0,2.0,57.0,1.0,0.0,5.0,8.0,4.0,1.0,1.0,1.0,9.0,3.0,6.0
AATANC,1.0,0.0,0.0,0.0,0.0,0.0,0.0,0.0,0.0,0.0,0.0,0.0,0.0,0.0,0.0,0.0,0.0,0.0
ACAACA,1.0,2.0,1.0,1.0,1.0,0.0,1.0,0.0,1.0,1.0,2.0,2.0,0.0,4.0,0.0,0.0,1.0,1.0
ACACCA,1.0,2.0,1.0,1.0,1.0,1.0,0.0,1.0,0.0,0.0,1.0,0.0,0.0,2.0,0.0,4.0,0.0,1.0
ACAGCC,1.0,0.0,0.0,0.0,0.0,0.0,0.0,0.0,0.0,0.0,0.0,0.0,0.0,0.0,0.0,0.0,0.0,0.0
ACCAAC,1.0,0.0,2.0,0.0,3.0,0.0,1.0,0.0,1.0,0.0,0.0,0.0,0.0,0.0,0.0,0.0,2.0,0.0
ACCACC,1.0,0.0,1.0,0.0,2.0,0.0,0.0,0.0,1.0,1.0,0.0,3.0,0.0,1.0,0.0,1.0,1.0,0.0
ACCCAC,1.0,0.0,1.0,0.0,1.0,0.0,0.0,0.0,1.0,2.0,1.0,0.0,1.0,2.0,2.0,0.0,1.0,0.0
ACCCCC,1.0,1.0,0.0,1.0,0.0,1.0,1.0,1.0,0.0,0.0,0.0,1.0,0.0,0.0,0.0,1.0,0.0,1.0
ACGCCA,1.0,0.0,0.0,0.0,0.0,0.0,0.0,0.0,0.0,0.0,0.0,0.0,0.0,0.0,0.0,0.0,0.0,0.0
AGACAG,1.0,4.0,3.0,5.0,8.0,8.0,4.0,4.0,3.0,2.0,4.0,8.0,9.0,2.0,5.0,8.0,2.0,3.0
AGACCN,1.0,1.0,1.0,0.0,0.0,0.0,0.0,1.0,0.0,0.0,1.0,0.0,0.0,0.0,0.0,1.0,2.0,0.0
AGAGAA,1.0,4.0,1.0,2.0,0.0,4.0,0.0,1.0,1.0,1.0,1.0,2.0,3.0,1.0,6.0,3.0,1.0,0.0
AGAGCC,1.0,3.0,0.0,0.0,0.0,1.0,0.0,1.0,1.0,0.0,1.0,0.0,0.0,0.0,0.0,1.0,0.0,0.0
AGATAA,1.0,0.0,3.0,0.0,0.0,1.0,1.0,0.0,1.0,0.0,0.0,1.0,1.0,0.0,1.0,1.0,0.0,2.0
AGCANC,1.0,2.0,4.0,0.0,0.0,0.0,0.0,2.0,3.0,1.0,4.0,1.0,0.0,0.0,0.0,1.0,2.0,0.0
AGCATC,1.0,0.0,3.0,0.0,1.0,4.0,2.0,5.0,4.0,1.0,1.0,1.0,3.0,0.0,3.0,4.0,4.0,2.0
AGCCAN,1.0,1.0,0.0,2.0,0.0,0.0,0.0,0.0,1.0,1.0,0.0,1.0,0.0,0.0,0.0,0.0,1.0,1.0
AGCCCN,1.0,2.0,0.0,0.0,1.0,0.0,0.0,0.0,2.0,0.0,1.0,0.0,0.0,0.0,0.0,0.0,0.0,0.0
AGCCTA,1.0,3.0,1.0,3.0,2.0,3.0,2.0,2.0,3.0,2.0,0.0,2.0,5.0,4.0,1.0,1.0,0.0,1.0
AGCCTC,1.0,1.0,1.0,0.0,1.0,2.0,0.0,3.0,3.0,1.0,2.0,1.0,1.0,3.0,0.0,0.0,1.0,2.0
AGCGAA,1.0,1.0,0.0,3.0,2.0,0.0,2.0,0.0,2.0,0.0,0.0,1.0,2.0,2.0,3.0,2.0,0.0,3.0
AGGAAA,1.0,2.0,27.0,3.0,3.0,1.0,2.0,1.0,0.0,0.0,0.0,1.0,2.0,0.0,2.0,2.0,3.0,3.0
AGGAAC,1.0,1.0,1.0,0.0,0.0,1.0,2.0,0.0,0.0,2.0,0.0,3.0,0.0,2.0,1.0,1.0,0.0,3.0
AGGCCA,1.0,77.0,0.0,0.0,0.0,0.0,1.0,0.0,0.0,1.0,1.0,0.0,1.0,1.0,1.0,0.0,2.0,1.0
AGGTAG,1.0,0.0,0.0,0.0,0.0,0.0,0.0,0.0,0.0,0.0,0.0,0.0,0.0,0.0,0.0,0.0,0.0,0.0
AGTAAC,1.0,1.0,3.0,3.0,1.0,0.0,18.0,0.0,1.0,0.0,3.0,0.0,0.0,0.0,0.0,2.0,0.0,0.0
AGTACA,1.0,0.0,45.0,2.0,1.0,2.0,1.0,2.0,2.0,3.0,29.0,14.0,2.0,1.0,1.0,1.0,1.0,0.0
AGTACC,1.0,0.0,4.0,2.0,0.0,0.0,2.0,2.0,1.0,0.0,0.0,1.0,1.0,2.0,0.0,1.0,2.0,2.0
ANACCC,1.0,2.0,1.0,0.0,1.0,0.0,1.0,2.0,0.0,0.0,1.0,0.0,0.0,0.0,0.0,2.0,0.0,0.0
ANCACC,1.0,4.0,1.0,1.0,2.0,0.0,3.0,3.0,2.0,1.0,4.0,3.0,0.0,0.0,0.0,1.0,1.0,2.0
ANCCAA,1.0,7.0,2.0,2.0,0.0,0.0,2.0,1.0,1.0,2.0,1.0,3.0,0.0,0.0,0.0,1.0,2.0,0.0
ATAAAT,1.0,0.0,1.0,0.0,1.0,0.0,2.0,1.0,1.0,0.0,0.0,2.0,1.0,1.0,0.0,1.0,0.0,3.0
ATAACG,1.0,0.0,0.0,1.0,0.0,0.0,0.0,0.0,0.0,0.0,0.0,0.0,0.0,0.0,0.0,0.0,0.0,0.0
ATAATC,1.0,0.0,0.0,0.0,1.0,0.0,0.0,0.0,0.0,0.0,0.0,0.0,0.0,0.0,0.0,0.0,1.0,0.0
ATACAT,1.0,1.0,1.0,0.0,0.0,2.0,0.0,1.0,0.0,1.0,0.0,0.0,2.0,1.0,1.0,2.0,0.0,0.0
ATCAAT,1.0,0.0,0.0,0.0,0.0,1.0,0.0,0.0,0.0,0.0,1.0,0.0,0.0,0.0,0.0,1.0,0.0,1.0
ATCCAT,1.0,0.0,0.0,0.0,0.0,0.0,0.0,0.0,0.0,0.0,0.0,0.0,0.0,0.0,0.0,0.0,0.0,0.0
ATCCCC,1.0,3.0,3.0,1.0,10.0,8.0,3.0,8.0,1.0,3.0,3.0,2.0,5.0,3.0,3.0,2.0,1.0,2.0
ATCTCA,1.0,0.0,0.0,0.0,0.0,0.0,0.0,0.0,0.0,0.0,0.0,0.0,0.0,0.0,0.0,0.0,0.0,0.0
CAAAAT,1.0,1.0,0.0,0.0,0.0,0.0,0.0,0.0,0.0,1.0,1.0,2.0,0.0,0.0,0.0,2.0,0.0,0.0
CAAACT,1.0,0.0,0.0,0.0,3.0,0.0,0.0,0.0,0.0,0.0,0.0,0.0,0.0,0.0,0.0,1.0,0.0,0.0
CAACAC,1.0,7.0,7.0,7.0,4.0,2.0,0.0,2.0,2.0,4.0,1.0,4.0,1.0,0.0,1.0,3.0,3.0,5.0
CAACGT,1.0,0.0,0.0,0.0,0.0,0.0,0.0,0.0,0.0,0.0,1.0,0.0,0.0,0.0,0.0,0.0,1.0,0.0
CAAGAC,1.0,0.0,0.0,0.0,0.0,0.0,0.0,0.0,0.0,1.0,0.0,0.0,0.0,0.0,0.0,0.0,0.0,0.0
CACAAT,1.0,0.0,0.0,0.0,0.0,0.0,0.0,0.0,0.0,0.0,0.0,0.0,0.0,0.0,0.0,2.0,0.0,0.0
CAGCAA,1.0,0.0,0.0,0.0,0.0,0.0,0.0,0.0,0.0,0.0,0.0,0.0,0.0,0.0,0.0,1.0,0.0,0.0
CCAAAC,1.0,0.0,0.0,0.0,2.0,0.0,1.0,0.0,0.0,1.0,0.0,1.0,0.0,0.0,0.0,0.0,0.0,0.0
CCCAAA,1.0,0.0,0.0,0.0,0.0,0.0,0.0,0.0,0.0,0.0,0.0,0.0,0.0,0.0,0.0,0.0,0.0,0.0
CCCACC,1.0,0.0,0.0,0.0,0.0,0.0,0.0,1.0,0.0,0.0,0.0,0.0,0.0,0.0,0.0,0.0,0.0,0.0
CCCCAA,1.0,1.0,0.0,0.0,0.0,0.0,0.0,1.0,0.0,0.0,0.0,0.0,0.0,0.0,0.0,0.0,1.0,0.0
CGACAG,1.0,0.0,0.0,0.0,2.0,0.0,0.0,1.0,0.0,0.0,0.0,0.0,0.0,0.0,0.0,0.0,0.0,1.0
CGACCG,1.0,0.0,0.0,1.0,2.0,0.0,1.0,0.0,1.0,0.0,2.0,0.0,0.0,0.0,0.0,0.0,0.0,0.0
CGCAAT,1.0,0.0,0.0,0.0,0.0,0.0,0.0,0.0,0.0,0.0,1.0,0.0,0.0,0.0,0.0,0.0,1.0,1.0
CGCCCC,1.0,2.0,2.0,3.0,4.0,1.0,1.0,3.0,3.0,0.0,7.0,0.0,0.0,0.0,0.0,4.0,1.0,2.0
CTACAA,1.0,0.0,0.0,0.0,1.0,0.0,0.0,0.0,0.0,0.0,0.0,0.0,0.0,1.0,0.0,0.0,1.0,0.0
GAAGAG,1.0,0.0,0.0,0.0,0.0,0.0,0.0,0.0,0.0,0.0,0.0,0.0,0.0,0.0,0.0,0.0,0.0,0.0
GAATCA,1.0,1.0,1.0,1.0,1.0,0.0,0.0,1.0,0.0,2.0,0.0,0.0,0.0,1.0,0.0,0.0,0.0,0.0
GACANC,1.0,1.0,6.0,1.0,2.0,0.0,1.0,0.0,0.0,1.0,4.0,3.0,0.0,0.0,0.0,3.0,0.0,3.0
GACCAN,1.0,0.0,0.0,1.0,1.0,0.0,3.0,0.0,2.0,0.0,0.0,3.0,0.0,0.0,0.0,0.0,0.0,0.0
GACCCN,1.0,0.0,1.0,1.0,1.0,0.0,0.0,2.0,0.0,1.0,1.0,1.0,0.0,0.0,1.0,1.0,1.0,1.0
GACCGG,1.0,0.0,0.0,0.0,0.0,0.0,0.0,0.0,0.0,0.0,0.0,0.0,0.0,0.0,0.0,0.0,0.0,0.0
GACCTC,1.0,5.0,3.0,2.0,6.0,14.0,1.0,0.0,0.0,2.0,1.0,1.0,2.0,1.0,3.0,2.0,2.0,0.0
GACCTG,1.0,0.0,0.0,0.0,0.0,0.0,0.0,0.0,0.0,0.0,0.0,0.0,0.0,0.0,0.0,0.0,0.0,0.0
GACGAC,1.0,3.0,0.0,0.0,3.0,1.0,0.0,1.0,1.0,0.0,2.0,1.0,1.0,0.0,2.0,1.0,2.0,2.0
GACGCA,1.0,2.0,1.0,0.0,0.0,4.0,0.0,1.0,2.0,3.0,2.0,2.0,3.0,1.0,2.0,2.0,1.0,2.0
GACGCC,1.0,1.0,0.0,2.0,2.0,1.0,0.0,1.0,1.0,1.0,0.0,0.0,0.0,0.0,1.0,1.0,0.0,0.0
GAGACA,1.0,52.0,1.0,0.0,2.0,2.0,3.0,5.0,0.0,1.0,0.0,1.0,1.0,4.0,2.0,1.0,1.0,0.0
GAGCAA,1.0,82.0,1.0,5.0,2.0,1.0,1.0,0.0,1.0,2.0,1.0,1.0,0.0,0.0,3.0,0.0,0.0,3.0
GAGCCA,1.0,2.0,2.0,1.0,4.0,0.0,1.0,0.0,1.0,47.0,0.0,25.0,1.0,0.0,44.0,57.0,38.0,53.0
GATAAC,1.0,3.0,6.0,3.0,1.0,0.0,1.0,2.0,1.0,1.0,0.0,20.0,2.0,0.0,10.0,2.0,1.0,2.0
GATACA,1.0,6.0,2.0,1.0,5.0,5.0,3.0,11.0,2.0,1.0,2.0,2.0,9.0,3.0,2.0,0.0,1.0,4.0
GATACC,1.0,1.0,0.0,2.0,5.0,0.0,2.0,0.0,0.0,0.0,0.0,30.0,1.0,1.0,1.0,1.0,2.0,1.0
GATCAA,1.0,3.0,2.0,7.0,2.0,2.0,2.0,2.0,0.0,0.0,0.0,3.0,1.0,3.0,0.0,2.0,1.0,1.0
GATCCA,1.0,4.0,3.0,3.0,2.0,1.0,3.0,2.0,1.0,2.0,1.0,2.0,2.0,2.0,0.0,4.0,3.0,4.0
GATCCC,1.0,0.0,1.0,2.0,1.0,2.0,0.0,0.0,1.0,1.0,0.0,1.0,12.0,2.0,1.0,1.0,0.0,0.0
GCAACC,1.0,0.0,0.0,0.0,3.0,1.0,1.0,2.0,1.0,0.0,2.0,0.0,0.0,0.0,0.0,3.0,0.0,0.0
GCCACC,1.0,0.0,0.0,0.0,1.0,0.0,3.0,1.0,1.0,0.0,0.0,0.0,1.0,1.0,0.0,0.0,0.0,1.0
GGAAAN,1.0,3.0,0.0,2.0,2.0,2.0,2.0,4.0,3.0,3.0,1.0,3.0,0.0,0.0,0.0,4.0,2.0,2.0
GGAANC,1.0,2.0,4.0,2.0,2.0,0.0,3.0,0.0,2.0,2.0,3.0,1.0,0.0,0.0,0.0,1.0,3.0,4.0
GGAATT,1.0,0.0,0.0,0.0,0.0,0.0,0.0,1.0,0.0,0.0,0.0,0.0,0.0,0.0,0.0,1.0,0.0,0.0
GGACGC,1.0,3.0,2.0,10.0,5.0,3.0,2.0,2.0,4.0,0.0,3.0,2.0,4.0,5.0,4.0,2.0,1.0,2.0
GGACNA,1.0,3.0,2.0,2.0,0.0,0.0,5.0,1.0,0.0,1.0,0.0,1.0,0.0,0.0,0.0,1.0,2.0,2.0
GGACNC,1.0,0.0,2.0,2.0,2.0,0.0,1.0,2.0,0.0,0.0,1.0,0.0,0.0,0.0,0.0,2.0,0.0,0.0
GGATCA,1.0,0.0,1.0,3.0,0.0,0.0,1.0,4.0,1.0,1.0,1.0,0.0,0.0,0.0,0.0,0.0,2.0,0.0
GGATCC,1.0,5.0,0.0,1.0,0.0,1.0,3.0,1.0,8.0,1.0,0.0,0.0,0.0,0.0,0.0,0.0,0.0,0.0
GGCAGA,1.0,8.0,14.0,11.0,7.0,9.0,3.0,7.0,12.0,5.0,3.0,6.0,9.0,8.0,14.0,6.0,5.0,6.0
GGCCAN,1.0,1.0,2.0,1.0,1.0,0.0,1.0,1.0,2.0,0.0,2.0,0.0,0.0,0.0,0.0,0.0,2.0,1.0
GGCCGC,1.0,2.0,1.0,0.0,2.0,3.0,1.0,5.0,3.0,3.0,3.0,4.0,2.0,3.0,2.0,1.0,1.0,1.0
GGCGAC,1.0,3.0,1.0,1.0,0.0,2.0,0.0,2.0,1.0,2.0,2.0,1.0,1.0,3.0,3.0,1.0,0.0,0.0
GGCGCC,1.0,0.0,0.0,0.0,0.0,2.0,0.0,1.0,0.0,0.0,1.0,0.0,0.0,0.0,3.0,0.0,0.0,2.0
GGCGGC,1.0,0.0,0.0,0.0,0.0,0.0,0.0,0.0,0.0,0.0,0.0,0.0,0.0,0.0,0.0,0.0,0.0,0.0
GGCTAA,1.0,1.0,1.0,0.0,0.0,0.0,0.0,1.0,0.0,0.0,26.0,0.0,0.0,2.0,2.0,0.0,0.0,2.0
GGCTAC,1.0,0.0,1.0,1.0,0.0,1.0,2.0,0.0,1.0,2.0,0.0,0.0,0.0,0.0,1.0,0.0,0.0,1.0
GGCTAT,1.0,0.0,0.0,0.0,0.0,0.0,0.0,0.0,0.0,0.0,0.0,0.0,0.0,0.0,0.0,0.0,0.0,0.0
GGCTCC,1.0,4.0,0.0,0.0,1.0,2.0,1.0,0.0,3.0,0.0,1.0,0.0,0.0,0.0,0.0,1.0,1.0,0.0
GGGACC,1.0,0.0,2.0,2.0,1.0,0.0,0.0,0.0,1.0,2.0,1.0,1.0,1.0,0.0,0.0,35.0,0.0,0.0
GGGCAA,1.0,3.0,3.0,1.0,0.0,1.0,2.0,0.0,0.0,2.0,2.0,1.0,4.0,2.0,2.0,1.0,0.0,0.0
GGGCAC,1.0,0.0,2.0,0.0,1.0,1.0,0.0,1.0,2.0,0.0,0.0,0.0,3.0,0.0,1.0,0.0,1.0,1.0
GGTACC,1.0,3.0,2.0,1.0,4.0,0.0,0.0,0.0,4.0,2.0,5.0,2.0,2.0,0.0,0.0,3.0,0.0,2.0
GGTCCC,1.0,3.0,2.0,0.0,2.0,0.0,1.0,2.0,1.0,9.0,2.0,0.0,4.0,1.0,3.0,2.0,4.0,4.0
GNACCC,1.0,3.0,0.0,2.0,0.0,0.0,0.0,1.0,4.0,2.0,3.0,1.0,0.0,0.0,0.0,3.0,5.0,3.0
GTAAAT,1.0,0.0,2.0,0.0,0.0,0.0,0.0,2.0,2.0,0.0,1.0,0.0,0.0,1.0,0.0,0.0,0.0,0.0
GTAAGC,1.0,0.0,0.0,0.0,0.0,0.0,0.0,0.0,0.0,0.0,0.0,0.0,0.0,0.0,0.0,0.0,0.0,0.0
GTATCA,1.0,0.0,0.0,0.0,0.0,0.0,0.0,0.0,0.0,0.0,0.0,0.0,0.0,0.0,0.0,0.0,0.0,0.0
GTCCAT,1.0,0.0,2.0,0.0,1.0,0.0,0.0,0.0,0.0,0.0,0.0,0.0,0.0,0.0,1.0,1.0,0.0,0.0
GTCCTT,1.0,0.0,0.0,0.0,0.0,0.0,0.0,0.0,0.0,0.0,0.0,0.0,0.0,0.0,0.0,0.0,0.0,0.0
GTCTAC,1.0,0.0,0.0,0.0,1.0,0.0,0.0,0.0,0.0,0.0,0.0,0.0,0.0,0.0,0.0,0.0,0.0,0.0
TACAGA,1.0,0.0,0.0,0.0,0.0,0.0,0.0,0.0,0.0,0.0,0.0,0.0,0.0,0.0,0.0,0.0,0.0,0.0
TACCCT,1.0,0.0,1.0,0.0,0.0,0.0,0.0,0.0,0.0,0.0,1.0,0.0,0.0,0.0,0.0,0.0,0.0,0.0
TCACCC,1.0,0.0,0.0,0.0,0.0,0.0,0.0,0.0,0.0,0.0,0.0,0.0,0.0,0.0,0.0,1.0,0.0,0.0
TGACAT,1.0,0.0,0.0,0.0,0.0,1.0,0.0,0.0,0.0,1.0,0.0,0.0,0.0,0.0,2.0,1.0,1.0,0.0
TGATCA,1.0,0.0,0.0,0.0,0.0,0.0,0.0,1.0,0.0,0.0,0.0,0.0,0.0,0.0,0.0,0.0,0.0,0.0
TGCTCC,1.0,0.0,0.0,0.0,0.0,0.0,0.0,0.0,0.0,0.0,0.0,0.0,0.0,0.0,0.0,0.0,0.0,0.0
TNAAAA,1.0,0.0,0.0,0.0,0.0,0.0,0.0,0.0,0.0,0.0,0.0,0.0,0.0,0.0,0.0,0.0,0.0,0.0
TTAAAA,1.0,3.0,3.0,3.0,4.0,1.0,0.0,4.0,1.0,1.0,0.0,2.0,2.0,3.0,0.0,0.0,0.0,1.0
TTAAAC,1.0,1.0,1.0,0.0,0.0,3.0,2.0,0.0,2.0,1.0,1.0,0.0,1.0,0.0,1.0,1.0,0.0,0.0
TTAACA,1.0,1.0,1.0,1.0,0.0,0.0,2.0,1.0,0.0,1.0,1.0,0.0,0.0,0.0,1.0,0.0,0.0,2.0
TTAACC,1.0,0.0,0.0,0.0,1.0,1.0,1.0,0.0,0.0,0.0,1.0,0.0,0.0,0.0,0.0,0.0,0.0,1.0
TTCCCA,1.0,1.0,1.0,2.0,0.0,1.0,0.0,0.0,0.0,0.0,0.0,0.0,0.0,0.0,1.0,0.0,0.0,0.0
AAAATC,2.0,5.0,4.0,0.0,2.0,3.0,3.0,4.0,3.0,0.0,6.0,0.0,3.0,2.0,1.0,3.0,2.0,7.0
AAACGC,2.0,1.0,5.0,2.0,2.0,6.0,0.0,2.0,1.0,4.0,2.0,3.0,2.0,2.0,2.0,1.0,2.0,3.0
AAACTC,2.0,1.0,1.0,0.0,0.0,1.0,0.0,1.0,2.0,3.0,1.0,3.0,0.0,0.0,0.0,1.0,4.0,2.0
AAAGCA,2.0,2.0,2.0,2.0,1.0,1.0,0.0,0.0,1.0,2.0,20.0,1.0,0.0,3.0,6.0,1.0,0.0,6.0
AACACN,2.0,1.0,1.0,0.0,1.0,0.0,1.0,0.0,1.0,1.0,0.0,0.0,0.0,1.0,1.0,0.0,0.0,0.0
AACCAT,2.0,6.0,11.0,8.0,6.0,8.0,8.0,1.0,11.0,11.0,2.0,13.0,4.0,4.0,8.0,6.0,10.0,6.0
AACTAA,2.0,0.0,0.0,0.0,0.0,3.0,0.0,0.0,0.0,1.0,1.0,0.0,0.0,0.0,0.0,0.0,0.0,0.0
AAGACA,2.0,0.0,3.0,0.0,0.0,0.0,0.0,1.0,22.0,4.0,2.0,0.0,0.0,3.0,1.0,2.0,1.0,1.0
AATCAC,2.0,3.0,2.0,1.0,2.0,1.0,0.0,0.0,1.0,8.0,4.0,6.0,3.0,4.0,2.0,4.0,2.0,5.0
AATCCA,2.0,0.0,0.0,1.0,7.0,2.0,1.0,3.0,2.0,415.0,697.0,274.0,364.0,225.0,93.0,396.0,482.0,263.0
ACCCAA,2.0,1.0,1.0,2.0,0.0,0.0,0.0,1.0,2.0,0.0,1.0,1.0,2.0,0.0,0.0,0.0,0.0,0.0
AGAAAN,2.0,2.0,0.0,0.0,0.0,0.0,0.0,1.0,0.0,3.0,1.0,2.0,0.0,0.0,0.0,1.0,2.0,1.0
AGAACN,2.0,2.0,1.0,0.0,1.0,0.0,2.0,0.0,1.0,0.0,1.0,0.0,0.0,0.0,0.0,1.0,1.0,0.0
AGAAGC,2.0,2.0,2.0,1.0,4.0,9.0,1.0,3.0,1.0,1.0,2.0,3.0,6.0,9.0,2.0,4.0,4.0,2.0
AGAANC,2.0,0.0,2.0,1.0,2.0,0.0,3.0,1.0,0.0,0.0,2.0,3.0,0.0,0.0,0.0,2.0,1.0,1.0
AGACGC,2.0,3.0,3.0,3.0,2.0,4.0,0.0,0.0,3.0,3.0,1.0,3.0,7.0,5.0,5.0,1.0,2.0,1.0
AGACNA,2.0,4.0,2.0,0.0,1.0,0.0,4.0,4.0,0.0,1.0,3.0,3.0,0.0,0.0,0.0,1.0,0.0,0.0
AGACTC,2.0,3.0,1.0,1.0,0.0,1.0,0.0,1.0,3.0,3.0,4.0,3.0,3.0,2.0,2.0,2.0,1.0,3.0
AGAGCA,2.0,4.0,2.0,0.0,3.0,3.0,0.0,4.0,2.0,1.0,3.0,0.0,0.0,2.0,2.0,0.0,1.0,3.0
AGCACG,2.0,7.0,8.0,5.0,8.0,4.0,5.0,2.0,4.0,3.0,7.0,10.0,7.0,4.0,3.0,6.0,1.0,2.0
AGCCAG,2.0,4.0,3.0,7.0,1.0,2.0,5.0,2.0,2.0,4.0,5.0,4.0,2.0,2.0,4.0,6.0,5.0,4.0
AGCCGA,2.0,3.0,1.0,2.0,2.0,4.0,0.0,1.0,2.0,3.0,0.0,2.0,5.0,1.0,9.0,2.0,0.0,1.0
AGCCNC,2.0,0.0,1.0,0.0,0.0,0.0,0.0,1.0,0.0,2.0,1.0,1.0,0.0,0.0,0.0,1.0,0.0,3.0
AGCGCA,2.0,2.0,2.0,0.0,1.0,0.0,1.0,1.0,1.0,0.0,1.0,3.0,2.0,1.0,1.0,1.0,0.0,0.0
AGCGCC,2.0,0.0,0.0,0.0,0.0,0.0,0.0,0.0,0.0,0.0,2.0,2.0,0.0,0.0,1.0,0.0,1.0,0.0
AGCTAA,2.0,4.0,1.0,0.0,1.0,0.0,1.0,0.0,0.0,1.0,1.0,1.0,0.0,1.0,1.0,0.0,0.0,0.0
AGTCAC,2.0,1.0,1.0,0.0,1.0,0.0,26.0,0.0,0.0,0.0,2.0,2.0,0.0,0.0,1.0,1.0,1.0,1.0
AGTCCA,2.0,4.0,3.0,34.0,0.0,0.0,3.0,0.0,0.0,1.0,6.0,3.0,1.0,6.0,2.0,2.0,2.0,2.0
AGTCCC,2.0,0.0,0.0,0.0,0.0,0.0,1.0,0.0,4.0,0.0,1.0,0.0,1.0,0.0,0.0,0.0,1.0,0.0
ANACAC,2.0,1.0,1.0,2.0,1.0,0.0,2.0,3.0,0.0,1.0,5.0,6.0,0.0,0.0,0.0,5.0,1.0,2.0
ANCCAC,2.0,5.0,3.0,1.0,1.0,0.0,3.0,2.0,2.0,1.0,1.0,1.0,1.0,1.0,0.0,6.0,0.0,2.0
ANCCCC,2.0,3.0,3.0,0.0,2.0,0.0,1.0,2.0,1.0,1.0,1.0,0.0,0.0,0.0,0.0,1.0,1.0,1.0
ATACCC,2.0,4.0,7.0,3.0,3.0,3.0,0.0,5.0,0.0,1.0,5.0,4.0,4.0,5.0,5.0,4.0,5.0,1.0
ATCACT,2.0,0.0,2.0,0.0,0.0,0.0,0.0,0.0,1.0,0.0,1.0,0.0,1.0,0.0,0.0,0.0,0.0,0.0
CACACC,2.0,5.0,2.0,5.0,4.0,0.0,2.0,4.0,3.0,7.0,1.0,5.0,0.0,2.0,0.0,9.0,2.0,2.0
CACACT,2.0,1.0,0.0,0.0,0.0,0.0,0.0,0.0,0.0,0.0,0.0,0.0,0.0,0.0,0.0,0.0,1.0,0.0
CGAACG,2.0,0.0,0.0,1.0,0.0,0.0,0.0,1.0,0.0,0.0,0.0,1.0,0.0,0.0,0.0,0.0,0.0,1.0
GAAACN,2.0,1.0,1.0,1.0,1.0,0.0,0.0,3.0,2.0,2.0,1.0,0.0,1.0,0.0,1.0,1.0,0.0,1.0
GAAANA,2.0,7.0,1.0,2.0,2.0,0.0,2.0,2.0,3.0,2.0,5.0,1.0,0.0,0.0,0.0,0.0,4.0,4.0
GAACTC,2.0,3.0,0.0,4.0,6.0,3.0,0.0,6.0,4.0,0.0,3.0,1.0,1.0,0.0,2.0,2.0,1.0,1.0
GAAGCA,2.0,2.0,3.0,0.0,3.0,1.0,0.0,0.0,1.0,0.0,2.0,1.0,2.0,2.0,0.0,2.0,1.0,0.0
GAAGCC,2.0,4.0,0.0,2.0,1.0,0.0,0.0,0.0,0.0,1.0,0.0,1.0,1.0,2.0,0.0,1.0,0.0,1.0
GAATAA,2.0,1.0,2.0,1.0,0.0,0.0,1.0,0.0,1.0,1.0,0.0,0.0,1.0,0.0,0.0,0.0,41.0,2.0
GAATAC,2.0,1.0,0.0,1.0,0.0,0.0,1.0,0.0,2.0,1.0,6.0,1.0,2.0,0.0,0.0,1.0,1.0,0.0
GACAGA,2.0,10.0,4.0,5.0,8.0,15.0,5.0,6.0,2.0,4.0,4.0,4.0,4.0,11.0,8.0,10.0,4.0,12.0
GACCNC,2.0,0.0,0.0,2.0,3.0,0.0,1.0,1.0,1.0,0.0,2.0,0.0,0.0,0.0,0.0,0.0,3.0,1.0
GACGAA,2.0,5.0,1.0,2.0,3.0,0.0,2.0,5.0,2.0,0.0,2.0,3.0,1.0,3.0,4.0,4.0,0.0,2.0
GACTCA,2.0,0.0,0.0,1.0,0.0,1.0,2.0,0.0,1.0,0.0,1.0,0.0,0.0,1.0,0.0,0.0,0.0,1.0
GAGCAC,2.0,11.0,1.0,2.0,41.0,1.0,0.0,0.0,0.0,1.0,0.0,3.0,1.0,1.0,0.0,2.0,0.0,3.0
GATCAC,2.0,0.0,0.0,3.0,1.0,2.0,2.0,0.0,1.0,0.0,0.0,0.0,0.0,1.0,1.0,4.0,1.0,0.0
GCCAAA,2.0,4.0,1.0,4.0,3.0,5.0,2.0,1.0,2.0,1.0,1.0,2.0,4.0,1.0,1.0,1.0,3.0,2.0
GCCACA,2.0,3.0,1.0,3.0,0.0,0.0,1.0,1.0,0.0,3.0,2.0,2.0,1.0,0.0,0.0,0.0,3.0,0.0
GCCCCA,2.0,0.0,0.0,1.0,3.0,1.0,0.0,1.0,1.0,1.0,0.0,2.0,1.0,2.0,1.0,0.0,0.0,2.0
GGACAN,2.0,1.0,3.0,1.0,0.0,1.0,3.0,1.0,3.0,1.0,1.0,0.0,0.0,0.0,0.0,0.0,0.0,0.0
GGAGAC,2.0,2.0,3.0,2.0,1.0,1.0,0.0,0.0,0.0,2.0,4.0,52.0,1.0,0.0,3.0,8.0,3.0,2.0
GGAGCC,2.0,37.0,1.0,1.0,4.0,4.0,1.0,0.0,2.0,1.0,36.0,1.0,2.0,0.0,1.0,2.0,3.0,1.0
GGCCCN,2.0,1.0,0.0,0.0,1.0,0.0,0.0,2.0,0.0,0.0,1.0,1.0,0.0,0.0,0.0,1.0,0.0,0.0
GGCCNA,2.0,2.0,3.0,3.0,3.0,0.0,3.0,3.0,2.0,4.0,0.0,2.0,0.0,0.0,0.0,4.0,2.0,1.0
GGCCNC,2.0,1.0,0.0,3.0,2.0,0.0,2.0,1.0,0.0,0.0,1.0,2.0,0.0,0.0,0.0,0.0,0.0,0.0
GGCGAA,2.0,0.0,1.0,5.0,3.0,3.0,1.0,2.0,1.0,1.0,2.0,2.0,2.0,2.0,3.0,3.0,2.0,1.0
GGCGCA,2.0,0.0,0.0,1.0,3.0,1.0,1.0,1.0,2.0,1.0,35.0,0.0,1.0,0.0,1.0,1.0,1.0,0.0
GGGCCA,2.0,5.0,1.0,0.0,1.0,0.0,0.0,1.0,0.0,1.0,2.0,60.0,1.0,0.0,40.0,1.0,0.0,2.0
GGTAAC,2.0,4.0,3.0,1.0,3.0,7.0,0.0,1.0,1.0,5.0,3.0,22.0,0.0,3.0,4.0,0.0,5.0,3.0
GGTCCA,2.0,1.0,26.0,3.0,2.0,4.0,0.0,1.0,1.0,147.0,195.0,99.0,186.0,117.0,273.0,181.0,320.0,163.0
GNCCAA,2.0,8.0,8.0,0.0,6.0,0.0,5.0,5.0,6.0,4.0,8.0,2.0,1.0,0.0,1.0,4.0,4.0,3.0
TTACAC,2.0,1.0,0.0,0.0,1.0,0.0,0.0,0.0,0.0,0.0,0.0,0.0,0.0,1.0,1.0,3.0,0.0,1.0
AAAAGC,3.0,5.0,3.0,0.0,2.0,8.0,4.0,3.0,0.0,3.0,3.0,0.0,4.0,9.0,3.0,1.0,2.0,8.0
AAAANA,3.0,2.0,2.0,4.0,3.0,0.0,1.0,2.0,1.0,2.0,3.0,4.0,0.0,0.0,0.0,4.0,1.0,7.0
AAAANC,3.0,1.0,3.0,3.0,2.0,0.0,1.0,0.0,2.0,1.0,1.0,2.0,0.0,0.0,0.0,3.0,1.0,4.0
AAACNA,3.0,2.0,1.0,1.0,3.0,0.0,1.0,0.0,0.0,1.0,4.0,3.0,0.0,0.0,0.0,1.0,2.0,4.0
AAACTA,3.0,2.0,3.0,2.0,1.0,3.0,4.0,1.0,6.0,2.0,17.0,4.0,3.0,2.0,3.0,19.0,2.0,3.0
AAAGAA,3.0,1.0,3.0,2.0,3.0,1.0,1.0,2.0,2.0,3.0,4.0,1.0,4.0,4.0,1.0,2.0,0.0,2.0
AACATA,3.0,7.0,6.0,3.0,2.0,6.0,3.0,3.0,6.0,5.0,2.0,6.0,1.0,7.0,4.0,4.0,6.0,1.0
AACCCG,3.0,6.0,2.0,4.0,3.0,6.0,5.0,6.0,3.0,1.0,5.0,8.0,4.0,1.0,2.0,2.0,5.0,5.0
AACGCA,3.0,0.0,1.0,0.0,0.0,3.0,0.0,0.0,0.0,1.0,45.0,0.0,0.0,1.0,2.0,1.0,0.0,0.0
AAGAAA,3.0,3.0,2.0,0.0,3.0,2.0,3.0,2.0,1.0,2.0,1.0,4.0,3.0,4.0,22.0,5.0,2.0,1.0
AATAAA,3.0,57.0,4.0,10.0,4.0,1.0,2.0,2.0,29.0,6.0,10.0,12.0,6.0,7.0,5.0,7.0,4.0,8.0
AATACA,3.0,1.0,1.0,5.0,4.0,1.0,2.0,1.0,2.0,75.0,267.0,30.0,69.0,50.0,1.0,214.0,129.0,158.0
ACAAAA,3.0,2.0,0.0,1.0,3.0,0.0,2.0,0.0,2.0,1.0,0.0,1.0,2.0,0.0,2.0,4.0,4.0,3.0
ACCAAA,3.0,2.0,4.0,2.0,2.0,1.0,2.0,0.0,2.0,2.0,2.0,5.0,1.0,1.0,3.0,4.0,4.0,2.0
AGAATC,3.0,6.0,0.0,6.0,4.0,7.0,0.0,3.0,5.0,2.0,1.0,2.0,5.0,7.0,3.0,6.0,3.0,5.0
AGACGA,3.0,4.0,2.0,0.0,1.0,10.0,1.0,2.0,2.0,4.0,3.0,3.0,3.0,3.0,5.0,5.0,2.0,5.0
AGCACT,3.0,7.0,4.0,5.0,6.0,8.0,5.0,4.0,6.0,8.0,8.0,3.0,6.0,5.0,8.0,9.0,6.0,9.0
AGCAGA,3.0,4.0,3.0,0.0,5.0,7.0,6.0,2.0,6.0,4.0,2.0,1.0,4.0,3.0,7.0,2.0,7.0,5.0
AGCAGC,3.0,2.0,4.0,0.0,2.0,6.0,1.0,7.0,4.0,2.0,1.0,0.0,1.0,4.0,3.0,1.0,0.0,1.0
AGCCCG,3.0,3.0,3.0,5.0,3.0,0.0,2.0,2.0,7.0,0.0,5.0,5.0,0.0,9.0,2.0,3.0,5.0,3.0
AGTAAA,3.0,8.0,3.0,2.0,4.0,3.0,1.0,3.0,2.0,6.0,7.0,6.0,0.0,1.0,2.0,7.0,1.0,1.0
ANAAAA,3.0,9.0,4.0,6.0,7.0,1.0,4.0,2.0,2.0,4.0,7.0,3.0,0.0,0.0,0.0,5.0,5.0,4.0
ANAACC,3.0,4.0,0.0,3.0,4.0,0.0,1.0,1.0,5.0,1.0,1.0,1.0,0.0,0.0,0.0,4.0,2.0,0.0
ANCACA,3.0,4.0,2.0,3.0,4.0,0.0,2.0,1.0,0.0,1.0,3.0,2.0,1.0,0.0,0.0,7.0,0.0,2.0
CAACCA,3.0,7.0,4.0,6.0,10.0,0.0,5.0,11.0,8.0,6.0,5.0,4.0,2.0,3.0,0.0,6.0,4.0,6.0
CACACA,3.0,7.0,10.0,4.0,6.0,2.0,5.0,4.0,3.0,7.0,3.0,5.0,1.0,1.0,3.0,9.0,5.0,7.0
CACCCC,3.0,3.0,3.0,3.0,4.0,0.0,1.0,3.0,7.0,0.0,1.0,1.0,1.0,0.0,2.0,1.0,1.0,3.0
CGCCAA,3.0,6.0,5.0,6.0,5.0,3.0,4.0,6.0,5.0,2.0,4.0,3.0,0.0,0.0,1.0,3.0,7.0,2.0
CGCCAC,3.0,5.0,7.0,1.0,1.0,0.0,1.0,0.0,2.0,1.0,3.0,2.0,1.0,0.0,1.0,1.0,1.0,2.0
GAAANC,3.0,3.0,2.0,1.0,3.0,0.0,1.0,0.0,5.0,5.0,2.0,0.0,0.0,0.0,0.0,0.0,2.0,3.0
GAACAN,3.0,2.0,2.0,3.0,1.0,1.0,0.0,1.0,0.0,0.0,0.0,0.0,0.0,1.0,0.0,0.0,3.0,0.0
GAACNC,3.0,2.0,2.0,0.0,2.0,0.0,3.0,2.0,2.0,4.0,0.0,0.0,0.0,0.0,0.0,2.0,2.0,0.0
GACACN,3.0,1.0,4.0,1.0,2.0,0.0,2.0,0.0,1.0,1.0,3.0,0.0,0.0,0.0,0.0,3.0,1.0,0.0
GACATA,3.0,10.0,1.0,7.0,9.0,9.0,3.0,6.0,4.0,7.0,5.0,2.0,8.0,4.0,6.0,4.0,2.0,10.0
GACCCT,3.0,6.0,8.0,6.0,6.0,6.0,2.0,8.0,9.0,3.0,6.0,6.0,6.0,7.0,3.0,5.0,5.0,8.0
GACCGC,3.0,3.0,0.0,3.0,4.0,5.0,0.0,1.0,2.0,3.0,3.0,3.0,5.0,2.0,4.0,1.0,5.0,7.0
GACCNA,3.0,1.0,6.0,4.0,2.0,0.0,0.0,1.0,3.0,1.0,1.0,2.0,0.0,0.0,0.0,1.0,1.0,0.0
GACCTA,3.0,2.0,2.0,4.0,4.0,5.0,3.0,4.0,89.0,3.0,2.0,2.0,1.0,2.0,0.0,5.0,3.0,3.0
GAGACC,3.0,0.0,17.0,0.0,0.0,0.0,0.0,0.0,0.0,1.0,1.0,1.0,2.0,0.0,1.0,0.0,1.0,0.0
GCAAAA,3.0,5.0,5.0,0.0,4.0,1.0,2.0,6.0,3.0,2.0,1.0,1.0,0.0,3.0,3.0,2.0,0.0,2.0
GCCAAC,3.0,0.0,0.0,1.0,1.0,0.0,0.0,3.0,1.0,1.0,2.0,0.0,0.0,2.0,0.0,2.0,1.0,0.0
GGAATC,3.0,5.0,4.0,2.0,4.0,3.0,3.0,2.0,3.0,20.0,1.0,2.0,1.0,1.0,6.0,4.0,3.0,2.0
GGACGA,3.0,1.0,3.0,3.0,6.0,13.0,1.0,4.0,2.0,3.0,5.0,9.0,7.0,3.0,3.0,2.0,3.0,4.0
GGAGCA,3.0,4.0,0.0,3.0,2.0,1.0,1.0,3.0,0.0,94.0,105.0,249.0,230.0,82.0,222.0,213.0,207.0,330.0
GGCANC,3.0,2.0,8.0,1.0,4.0,0.0,1.0,0.0,2.0,3.0,1.0,0.0,0.0,0.0,0.0,2.0,1.0,2.0
GGCCTC,3.0,3.0,0.0,1.0,0.0,5.0,1.0,3.0,1.0,6.0,2.0,0.0,3.0,0.0,2.0,0.0,0.0,2.0
GGGACA,3.0,1.0,2.0,1.0,0.0,2.0,1.0,2.0,2.0,4.0,1.0,1.0,0.0,1.0,1.0,2.0,4.0,1.0
GGTCAA,3.0,4.0,0.0,5.0,3.0,1.0,2.0,0.0,5.0,30.0,1.0,1.0,7.0,3.0,6.0,4.0,5.0,2.0
GGTCAC,3.0,0.0,2.0,0.0,45.0,0.0,0.0,0.0,0.0,6.0,27.0,1.0,5.0,3.0,2.0,3.0,5.0,5.0
GNAACA,3.0,7.0,6.0,3.0,5.0,0.0,2.0,3.0,3.0,3.0,4.0,4.0,2.0,0.0,0.0,3.0,8.0,1.0
GNACAC,3.0,5.0,5.0,4.0,3.0,1.0,2.0,2.0,1.0,6.0,5.0,1.0,1.0,1.0,0.0,3.0,2.0,4.0
GNCAAC,3.0,9.0,2.0,3.0,5.0,0.0,4.0,6.0,6.0,3.0,3.0,6.0,0.0,0.0,0.0,5.0,3.0,7.0
GNCCCA,3.0,3.0,2.0,4.0,3.0,0.0,1.0,2.0,3.0,5.0,1.0,1.0,0.0,0.0,1.0,1.0,1.0,4.0
GTCCAC,3.0,11.0,5.0,7.0,4.0,4.0,4.0,6.0,5.0,5.0,6.0,8.0,4.0,7.0,5.0,4.0,4.0,5.0
TAAAAT,3.0,2.0,0.0,0.0,0.0,2.0,2.0,2.0,0.0,0.0,0.0,0.0,1.0,0.0,0.0,1.0,1.0,0.0
TTCAAA,3.0,1.0,3.0,1.0,3.0,4.0,1.0,0.0,1.0,3.0,1.0,1.0,3.0,0.0,0.0,2.0,1.0,2.0
AAACAN,4.0,1.0,2.0,3.0,0.0,0.0,1.0,0.0,0.0,1.0,0.0,0.0,0.0,0.0,0.0,1.0,0.0,1.0
AAACCT,4.0,2.0,3.0,4.0,7.0,7.0,2.0,6.0,4.0,6.0,7.0,6.0,3.0,5.0,1.0,7.0,1.0,8.0
AACAGC,4.0,3.0,0.0,1.0,3.0,6.0,3.0,3.0,1.0,2.0,1.0,1.0,3.0,4.0,6.0,1.0,7.0,2.0
AACANA,4.0,3.0,3.0,0.0,3.0,0.0,2.0,2.0,3.0,2.0,1.0,1.0,0.0,0.0,0.0,1.0,3.0,2.0
AACATC,4.0,3.0,2.0,4.0,1.0,2.0,1.0,1.0,3.0,2.0,4.0,1.0,3.0,0.0,4.0,3.0,3.0,3.0
AGAANA,4.0,6.0,2.0,5.0,2.0,0.0,3.0,2.0,2.0,4.0,4.0,2.0,0.0,0.0,0.0,7.0,4.0,5.0
AGAATA,4.0,3.0,6.0,5.0,10.0,3.0,4.0,6.0,6.0,7.0,1.0,5.0,4.0,1.0,12.0,10.0,2.0,2.0
AGACAT,4.0,12.0,7.0,6.0,13.0,12.0,8.0,8.0,7.0,3.0,5.0,7.0,9.0,13.0,6.0,8.0,4.0,4.0
AGCANA,4.0,4.0,3.0,2.0,4.0,0.0,2.0,2.0,0.0,2.0,0.0,2.0,0.0,0.0,0.0,2.0,3.0,4.0
AGCATA,4.0,6.0,8.0,1.0,4.0,5.0,2.0,2.0,7.0,3.0,1.0,5.0,10.0,2.0,6.0,1.0,0.0,4.0
AGCCNA,4.0,1.0,0.0,0.0,1.0,0.0,2.0,0.0,1.0,0.0,0.0,1.0,0.0,0.0,0.0,0.0,1.0,1.0
AGCTCA,4.0,4.0,0.0,3.0,2.0,0.0,2.0,1.0,2.0,0.0,0.0,1.0,0.0,0.0,1.0,0.0,0.0,0.0
ANACAA,4.0,6.0,5.0,1.0,3.0,1.0,3.0,7.0,2.0,4.0,0.0,2.0,0.0,0.0,0.0,1.0,1.0,4.0
ANACCA,4.0,2.0,0.0,2.0,5.0,0.0,1.0,2.0,1.0,3.0,4.0,4.0,1.0,0.0,0.0,2.0,5.0,6.0
ANCCCA,4.0,4.0,2.0,2.0,2.0,0.0,4.0,2.0,1.0,1.0,1.0,4.0,0.0,1.0,0.0,3.0,3.0,1.0
ATACCA,4.0,6.0,8.0,10.0,4.0,7.0,3.0,4.0,5.0,13.0,6.0,12.0,15.0,14.0,10.0,9.0,8.0,7.0
CACCAA,4.0,5.0,6.0,3.0,5.0,2.0,4.0,5.0,8.0,4.0,2.0,2.0,0.0,3.0,0.0,4.0,2.0,6.0
CGAAAC,4.0,4.0,4.0,5.0,7.0,0.0,5.0,3.0,8.0,2.0,3.0,4.0,0.0,1.0,1.0,5.0,4.0,4.0
CGCACC,4.0,2.0,6.0,5.0,3.0,2.0,4.0,1.0,2.0,2.0,2.0,5.0,1.0,0.0,0.0,2.0,2.0,7.0
CGCCCA,4.0,4.0,3.0,7.0,5.0,1.0,4.0,2.0,2.0,3.0,1.0,3.0,0.0,0.0,0.0,2.0,0.0,2.0
GAAATC,4.0,8.0,6.0,6.0,5.0,4.0,2.0,8.0,6.0,5.0,4.0,5.0,5.0,5.0,4.0,2.0,0.0,1.0
GAACNA,4.0,1.0,3.0,4.0,3.0,0.0,2.0,1.0,0.0,1.0,0.0,1.0,0.0,0.0,0.0,1.0,1.0,0.0
GACCAG,4.0,15.0,12.0,6.0,8.0,1.0,4.0,5.0,10.0,3.0,5.0,6.0,5.0,5.0,6.0,1.0,9.0,7.0
GAGAAA,4.0,7.0,5.0,1.0,3.0,4.0,0.0,1.0,1.0,5.0,1.0,26.0,2.0,0.0,1.0,4.0,0.0,4.0
GATAAA,4.0,158.0,49.0,108.0,1.0,50.0,113.0,42.0,1.0,3.0,1.0,1.0,3.0,0.0,1.0,2.0,4.0,4.0
GGACCG,4.0,11.0,4.0,9.0,6.0,5.0,4.0,3.0,3.0,2.0,5.0,2.0,3.0,4.0,7.0,4.0,6.0,8.0
GGAGGC,4.0,2.0,83.0,1.0,2.0,4.0,1.0,4.0,3.0,2.0,0.0,1.0,0.0,0.0,4.0,1.0,0.0,6.0
GGCAAN,4.0,0.0,4.0,1.0,2.0,0.0,0.0,0.0,2.0,3.0,0.0,2.0,0.0,0.0,0.0,1.0,3.0,1.0
GNACCA,4.0,5.0,0.0,5.0,3.0,0.0,4.0,3.0,8.0,3.0,2.0,2.0,0.0,0.0,1.0,2.0,2.0,6.0
GNCACA,4.0,9.0,3.0,7.0,5.0,1.0,6.0,7.0,7.0,2.0,5.0,3.0,0.0,1.0,0.0,2.0,1.0,6.0
GNCACC,4.0,1.0,2.0,1.0,1.0,0.0,0.0,2.0,3.0,4.0,3.0,2.0,0.0,0.0,0.0,4.0,1.0,1.0
GNCCCC,4.0,2.0,3.0,0.0,1.0,0.0,3.0,1.0,1.0,1.0,1.0,1.0,0.0,0.0,1.0,1.0,0.0,0.0
GTACCC,4.0,3.0,4.0,0.0,3.0,8.0,8.0,1.0,3.0,0.0,1.0,5.0,2.0,7.0,4.0,6.0,2.0,6.0
TGACCC,4.0,10.0,8.0,5.0,6.0,14.0,5.0,8.0,3.0,5.0,6.0,3.0,7.0,17.0,17.0,7.0,4.0,6.0
AAAAGA,5.0,9.0,8.0,6.0,3.0,7.0,2.0,6.0,7.0,5.0,1.0,9.0,13.0,8.0,9.0,5.0,8.0,5.0
AAACGA,5.0,3.0,6.0,7.0,6.0,2.0,3.0,3.0,5.0,3.0,7.0,2.0,3.0,4.0,6.0,2.0,2.0,4.0
AGACNC,5.0,0.0,1.0,1.0,1.0,0.0,0.0,0.0,0.0,0.0,1.0,1.0,0.0,0.0,0.0,1.0,5.0,1.0
AGCCCT,5.0,3.0,4.0,6.0,7.0,9.0,1.0,1.0,2.0,4.0,8.0,4.0,8.0,7.0,3.0,3.0,3.0,2.0
ANCAAA,5.0,13.0,8.0,2.0,6.0,1.0,8.0,6.0,4.0,5.0,9.0,5.0,1.0,0.0,0.0,2.0,6.0,7.0
CAAAAC,5.0,12.0,14.0,5.0,9.0,1.0,6.0,7.0,13.0,5.0,5.0,6.0,0.0,2.0,2.0,7.0,4.0,10.0
CAACAA,5.0,9.0,8.0,9.0,7.0,2.0,4.0,6.0,7.0,5.0,4.0,5.0,4.0,3.0,1.0,6.0,2.0,4.0
CACAAC,5.0,4.0,2.0,5.0,7.0,4.0,5.0,4.0,1.0,5.0,5.0,3.0,0.0,0.0,2.0,10.0,3.0,4.0
CACCAC,5.0,3.0,1.0,2.0,5.0,0.0,1.0,1.0,8.0,2.0,5.0,0.0,1.0,1.0,0.0,3.0,5.0,2.0
CGAACA,5.0,6.0,10.0,4.0,16.0,0.0,1.0,4.0,3.0,6.0,6.0,5.0,4.0,1.0,1.0,4.0,10.0,7.0
CGCACA,5.0,6.0,0.0,6.0,7.0,2.0,6.0,5.0,7.0,3.0,5.0,4.0,1.0,1.0,1.0,1.0,0.0,5.0
GAACGA,5.0,1.0,12.0,4.0,1.0,2.0,4.0,4.0,6.0,4.0,2.0,1.0,5.0,8.0,7.0,6.0,3.0,1.0
GAACGC,5.0,4.0,2.0,3.0,2.0,6.0,1.0,2.0,1.0,1.0,2.0,1.0,2.0,1.0,5.0,4.0,15.0,3.0
GACANA,5.0,7.0,1.0,2.0,2.0,0.0,4.0,3.0,3.0,3.0,3.0,6.0,0.0,0.0,0.0,3.0,3.0,6.0
GGAANA,5.0,3.0,5.0,6.0,4.0,0.0,6.0,3.0,3.0,4.0,3.0,3.0,0.0,0.0,0.0,1.0,2.0,3.0
GGACTA,5.0,5.0,2.0,5.0,3.0,8.0,5.0,1.0,3.0,6.0,4.0,2.0,2.0,1.0,4.0,4.0,2.0,3.0
GGAGAA,5.0,10.0,5.0,11.0,19.0,13.0,5.0,4.0,7.0,1.0,44.0,9.0,7.0,2.0,64.0,10.0,6.0,10.0
GGCACG,5.0,8.0,12.0,9.0,12.0,6.0,4.0,5.0,6.0,3.0,3.0,12.0,5.0,4.0,2.0,9.0,4.0,9.0
GGCAGC,5.0,7.0,6.0,2.0,2.0,4.0,4.0,4.0,4.0,5.0,7.0,3.0,1.0,4.0,7.0,0.0,2.0,4.0
GGCATC,5.0,3.0,8.0,2.0,3.0,5.0,3.0,1.0,2.0,3.0,3.0,3.0,2.0,1.0,1.0,2.0,2.0,3.0
GGCCGA,5.0,4.0,6.0,4.0,3.0,9.0,0.0,11.0,5.0,2.0,3.0,2.0,4.0,4.0,7.0,2.0,3.0,10.0
GNCAAA,5.0,12.0,9.0,6.0,7.0,1.0,4.0,6.0,11.0,3.0,5.0,8.0,0.0,2.0,1.0,8.0,3.0,6.0
GNCCAC,5.0,1.0,3.0,3.0,0.0,0.0,3.0,3.0,3.0,5.0,3.0,1.0,0.0,0.0,0.0,2.0,4.0,1.0
GTCACC,5.0,8.0,7.0,8.0,8.0,8.0,6.0,12.0,4.0,1.0,3.0,5.0,1.0,3.0,3.0,5.0,6.0,5.0
AAACCG,6.0,4.0,5.0,4.0,7.0,3.0,1.0,2.0,1.0,5.0,3.0,1.0,9.0,2.0,0.0,4.0,3.0,3.0
AACAGA,6.0,4.0,5.0,1.0,5.0,6.0,5.0,7.0,2.0,1.0,1.0,4.0,10.0,6.0,6.0,7.0,1.0,4.0
AGACTA,6.0,1.0,3.0,3.0,2.0,1.0,2.0,3.0,2.0,3.0,3.0,27.0,2.0,2.0,4.0,2.0,7.0,6.0
AGCAAN,6.0,4.0,2.0,0.0,1.0,0.0,1.0,0.0,0.0,1.0,2.0,1.0,0.0,0.0,1.0,1.0,0.0,0.0
AGCCAT,6.0,10.0,6.0,8.0,8.0,4.0,3.0,5.0,8.0,4.0,7.0,6.0,4.0,7.0,5.0,6.0,5.0,9.0
ANAAAC,6.0,5.0,1.0,3.0,5.0,0.0,2.0,4.0,5.0,6.0,5.0,7.0,0.0,0.0,0.0,1.0,4.0,4.0
ANCAAC,6.0,8.0,6.0,5.0,5.0,0.0,0.0,2.0,5.0,4.0,3.0,2.0,2.0,0.0,0.0,3.0,2.0,3.0
ATAACC,6.0,9.0,10.0,1.0,2.0,7.0,4.0,7.0,7.0,7.0,4.0,4.0,5.0,8.0,13.0,8.0,8.0,8.0
ATCAAC,6.0,5.0,33.0,5.0,5.0,5.0,7.0,6.0,7.0,13.0,3.0,12.0,17.0,9.0,7.0,7.0,6.0,4.0
CGACCA,6.0,6.0,4.0,7.0,7.0,1.0,3.0,1.0,7.0,4.0,4.0,2.0,1.0,1.0,2.0,5.0,1.0,4.0
CGCAAA,6.0,13.0,5.0,8.0,11.0,2.0,7.0,10.0,4.0,6.0,6.0,5.0,0.0,5.0,2.0,8.0,9.0,2.0
CGCAAC,6.0,6.0,4.0,4.0,5.0,1.0,6.0,5.0,1.0,5.0,8.0,9.0,1.0,2.0,0.0,5.0,2.0,2.0
GAAAGA,6.0,11.0,5.0,8.0,6.0,12.0,4.0,10.0,5.0,9.0,5.0,7.0,10.0,12.0,6.0,4.0,4.0,12.0
GAACTA,6.0,7.0,2.0,4.0,4.0,6.0,3.0,4.0,2.0,6.0,2.0,2.0,5.0,2.0,2.0,4.0,3.0,7.0
GACAGC,6.0,5.0,3.0,2.0,2.0,4.0,3.0,0.0,4.0,2.0,4.0,4.0,8.0,6.0,5.0,10.0,2.0,1.0
GACATC,6.0,9.0,6.0,4.0,1.0,3.0,0.0,5.0,10.0,23.0,3.0,4.0,4.0,2.0,3.0,0.0,4.0,2.0
GACCGA,6.0,4.0,4.0,1.0,7.0,8.0,12.0,3.0,3.0,5.0,1.0,3.0,5.0,6.0,1.0,0.0,3.0,3.0
GAGCCC,6.0,0.0,1.0,1.0,2.0,1.0,1.0,3.0,0.0,1.0,0.0,2.0,0.0,4.0,2.0,2.0,1.0,2.0
GGACAG,6.0,4.0,8.0,9.0,11.0,6.0,4.0,7.0,6.0,4.0,6.0,6.0,2.0,12.0,5.0,6.0,6.0,8.0
GGCANA,6.0,8.0,5.0,2.0,7.0,0.0,5.0,3.0,2.0,2.0,4.0,3.0,0.0,0.0,0.0,3.0,1.0,4.0
GGTAAA,6.0,2.0,32.0,4.0,1.0,3.0,5.0,6.0,3.0,2.0,5.0,51.0,5.0,2.0,3.0,3.0,6.0,7.0
GNACAA,6.0,5.0,5.0,7.0,6.0,0.0,3.0,4.0,3.0,3.0,1.0,5.0,1.0,0.0,1.0,5.0,3.0,3.0
AAAACG,7.0,9.0,7.0,11.0,9.0,1.0,3.0,6.0,5.0,7.0,21.0,7.0,5.0,2.0,6.0,10.0,5.0,10.0
AAAACT,7.0,10.0,7.0,7.0,9.0,9.0,14.0,47.0,6.0,5.0,9.0,16.0,9.0,12.0,12.0,7.0,5.0,11.0
AACCAG,7.0,11.0,12.0,6.0,3.0,2.0,6.0,3.0,5.0,1.0,7.0,4.0,4.0,1.0,0.0,1.0,3.0,4.0
AACCCT,7.0,7.0,4.0,7.0,9.0,4.0,7.0,9.0,10.0,3.0,3.0,2.0,4.0,5.0,3.0,9.0,5.0,5.0
AACCTA,7.0,6.0,5.0,3.0,8.0,0.0,1.0,3.0,3.0,16.0,3.0,4.0,1.0,3.0,5.0,3.0,2.0,4.0
AGACCG,7.0,3.0,8.0,1.0,8.0,5.0,3.0,5.0,1.0,2.0,1.0,9.0,4.0,7.0,4.0,9.0,9.0,8.0
AGACCT,7.0,5.0,6.0,7.0,7.0,9.0,4.0,7.0,5.0,7.0,4.0,4.0,7.0,10.0,7.0,9.0,8.0,8.0
ATCCAC,7.0,3.0,3.0,6.0,7.0,5.0,4.0,4.0,6.0,3.0,3.0,3.0,11.0,8.0,7.0,3.0,6.0,5.0
ATCCCA,7.0,19.0,9.0,8.0,9.0,10.0,7.0,7.0,3.0,5.0,5.0,7.0,5.0,2.0,6.0,7.0,4.0,7.0
CAAACC,7.0,8.0,7.0,12.0,11.0,4.0,4.0,3.0,4.0,4.0,3.0,5.0,0.0,2.0,0.0,6.0,1.0,34.0
GAACCT,7.0,10.0,6.0,5.0,13.0,13.0,8.0,7.0,4.0,5.0,4.0,7.0,12.0,6.0,8.0,5.0,5.0,14.0
GAATCC,7.0,0.0,0.0,3.0,1.0,0.0,1.0,1.0,0.0,1.0,2.0,0.0,0.0,0.0,0.0,1.0,0.0,1.0
GACCAT,7.0,13.0,18.0,11.0,13.0,15.0,5.0,10.0,11.0,11.0,10.0,4.0,8.0,5.0,8.0,7.0,3.0,3.0
GGCCAG,7.0,11.0,9.0,12.0,4.0,12.0,6.0,11.0,11.0,9.0,9.0,7.0,5.0,3.0,5.0,7.0,7.0,7.0
GTCCCA,7.0,9.0,7.0,4.0,8.0,5.0,3.0,8.0,3.0,5.0,6.0,34.0,6.0,7.0,8.0,5.0,6.0,5.0
AACACT,8.0,7.0,6.0,7.0,12.0,10.0,7.0,7.0,3.0,15.0,7.0,5.0,7.0,8.0,3.0,7.0,5.0,9.0
AGCAAG,8.0,11.0,13.0,3.0,11.0,7.0,4.0,2.0,5.0,10.0,7.0,10.0,7.0,8.0,4.0,11.0,14.0,10.0
ANAACA,8.0,1.0,6.0,3.0,11.0,0.0,2.0,2.0,3.0,3.0,6.0,0.0,0.0,0.0,1.0,1.0,3.0,6.0
CAACCC,8.0,10.0,7.0,5.0,4.0,0.0,4.0,2.0,0.0,2.0,2.0,3.0,0.0,0.0,1.0,2.0,7.0,2.0
CACCCA,8.0,3.0,2.0,2.0,5.0,0.0,5.0,1.0,4.0,4.0,3.0,2.0,1.0,0.0,1.0,1.0,3.0,5.0
CGAAAA,8.0,12.0,9.0,10.0,11.0,1.0,9.0,7.0,6.0,9.0,13.0,5.0,2.0,2.0,3.0,8.0,3.0,8.0
CGACAA,8.0,8.0,7.0,6.0,5.0,2.0,0.0,4.0,5.0,8.0,4.0,3.0,2.0,2.0,3.0,5.0,1.0,7.0
GAAACT,8.0,11.0,12.0,10.0,12.0,13.0,4.0,10.0,11.0,13.0,11.0,6.0,13.0,5.0,15.0,6.0,12.0,8.0
GAAATA,8.0,8.0,5.0,8.0,4.0,5.0,5.0,4.0,5.0,16.0,8.0,10.0,2.0,21.0,7.0,7.0,19.0,12.0
GAACCG,8.0,9.0,3.0,7.0,7.0,9.0,6.0,7.0,4.0,10.0,7.0,11.0,3.0,13.0,7.0,10.0,8.0,6.0
GAAGAA,8.0,1.0,2.0,1.0,4.0,0.0,0.0,16.0,1.0,2.0,4.0,3.0,3.0,4.0,4.0,0.0,3.0,3.0
GGAACG,8.0,6.0,14.0,11.0,3.0,7.0,6.0,5.0,6.0,6.0,5.0,9.0,6.0,3.0,10.0,7.0,6.0,7.0
GGAAGA,8.0,8.0,6.0,7.0,8.0,16.0,12.0,4.0,7.0,4.0,5.0,7.0,8.0,11.0,9.0,8.0,4.0,13.0
GGAATA,8.0,4.0,4.0,4.0,7.0,8.0,6.0,9.0,2.0,3.0,4.0,4.0,3.0,4.0,5.0,6.0,8.0,5.0
GGACCT,8.0,10.0,8.0,6.0,10.0,10.0,6.0,8.0,7.0,13.0,4.0,2.0,10.0,2.0,10.0,6.0,4.0,10.0
GGCATA,8.0,7.0,3.0,12.0,8.0,13.0,5.0,7.0,9.0,5.0,3.0,9.0,1.0,2.0,7.0,2.0,6.0,5.0
GGCCCT,8.0,5.0,4.0,3.0,8.0,9.0,9.0,4.0,4.0,5.0,4.0,6.0,4.0,7.0,12.0,7.0,1.0,6.0
GGCCTA,8.0,5.0,3.0,11.0,4.0,8.0,3.0,4.0,12.0,1.0,1.0,3.0,3.0,3.0,8.0,1.0,1.0,4.0
GNAAAA,8.0,15.0,6.0,8.0,13.0,1.0,10.0,9.0,11.0,7.0,3.0,10.0,0.0,1.0,2.0,6.0,5.0,7.0
GNAAAC,8.0,9.0,4.0,2.0,9.0,1.0,7.0,3.0,2.0,1.0,6.0,4.0,0.0,0.0,0.0,8.0,7.0,4.0
GTAACC,8.0,11.0,11.0,11.0,6.0,8.0,8.0,8.0,2.0,3.0,5.0,8.0,5.0,4.0,10.0,3.0,5.0,4.0
GTCCCC,8.0,8.0,8.0,3.0,4.0,4.0,5.0,0.0,32.0,0.0,0.0,5.0,2.0,0.0,6.0,2.0,2.0,3.0
TAACCC,8.0,12.0,4.0,14.0,7.0,15.0,7.0,2.0,9.0,5.0,2.0,4.0,14.0,17.0,12.0,6.0,7.0,3.0
TACCCC,8.0,14.0,8.0,11.0,17.0,17.0,9.0,6.0,15.0,6.0,0.0,4.0,8.0,12.0,12.0,7.0,9.0,3.0
TGCCCC,8.0,6.0,4.0,9.0,10.0,13.0,7.0,4.0,6.0,14.0,8.0,9.0,11.0,6.0,8.0,10.0,2.0,3.0
AAAATA,9.0,0.0,2.0,2.0,4.0,1.0,6.0,4.0,8.0,4.0,6.0,10.0,6.0,3.0,3.0,4.0,3.0,9.0
AAACAT,9.0,7.0,12.0,11.0,10.0,4.0,6.0,8.0,9.0,17.0,9.0,6.0,3.0,6.0,15.0,11.0,5.0,6.0
AGAACG,9.0,8.0,10.0,6.0,8.0,4.0,7.0,8.0,6.0,4.0,5.0,5.0,3.0,11.0,4.0,5.0,6.0,8.0
AGAAGA,9.0,5.0,5.0,1.0,2.0,11.0,6.0,8.0,4.0,2.0,1.0,7.0,8.0,14.0,7.0,5.0,19.0,9.0
AGATCC,9.0,3.0,1.0,1.0,1.0,0.0,0.0,0.0,0.0,0.0,0.0,0.0,0.0,1.0,0.0,0.0,3.0,1.0
ATCCAA,9.0,14.0,3.0,11.0,6.0,12.0,9.0,7.0,9.0,3.0,6.0,6.0,7.0,9.0,9.0,6.0,3.0,7.0
CGAACC,9.0,7.0,7.0,3.0,10.0,0.0,6.0,2.0,1.0,5.0,5.0,2.0,1.0,2.0,1.0,4.0,1.0,3.0
GACAAG,9.0,16.0,12.0,6.0,11.0,8.0,12.0,8.0,6.0,12.0,10.0,12.0,12.0,8.0,10.0,12.0,15.0,11.0
GGAAGC,9.0,5.0,4.0,4.0,7.0,4.0,8.0,2.0,3.0,4.0,3.0,5.0,8.0,6.0,5.0,3.0,7.0,5.0
GGACAT,9.0,8.0,5.0,9.0,6.0,18.0,6.0,10.0,7.0,6.0,3.0,8.0,14.0,11.0,12.0,10.0,10.0,8.0
GTAAAC,9.0,12.0,10.0,8.0,14.0,18.0,9.0,12.0,10.0,13.0,15.0,10.0,10.0,10.0,13.0,11.0,5.0,9.0
GTACAC,9.0,9.0,6.0,8.0,8.0,8.0,4.0,7.0,3.0,4.0,5.0,3.0,4.0,11.0,7.0,4.0,5.0,5.0
GTACCA,9.0,8.0,9.0,10.0,10.0,15.0,11.0,16.0,14.0,6.0,6.0,4.0,10.0,7.0,11.0,5.0,5.0,10.0
GTCAAC,9.0,19.0,13.0,9.0,12.0,10.0,19.0,5.0,9.0,6.0,5.0,7.0,7.0,12.0,13.0,6.0,6.0,6.0
TGAACA,9.0,16.0,25.0,8.0,24.0,29.0,19.0,13.0,13.0,12.0,7.0,14.0,29.0,15.0,38.0,22.0,12.0,14.0
TGCACC,9.0,7.0,9.0,10.0,9.0,17.0,7.0,7.0,2.0,14.0,8.0,8.0,18.0,12.0,14.0,10.0,12.0,11.0
AAACAG,10.0,6.0,6.0,5.0,4.0,2.0,5.0,7.0,4.0,4.0,7.0,11.0,8.0,5.0,4.0,6.0,3.0,10.0
AACAAT,10.0,19.0,13.0,11.0,14.0,14.0,10.0,4.0,14.0,7.0,11.0,11.0,9.0,10.0,10.0,12.0,7.0,10.0
AACACG,10.0,4.0,4.0,5.0,8.0,6.0,5.0,6.0,4.0,14.0,14.0,5.0,5.0,2.0,1.0,9.0,11.0,7.0
ATACAA,10.0,11.0,12.0,10.0,12.0,9.0,13.0,5.0,9.0,9.0,10.0,11.0,14.0,12.0,23.0,14.0,8.0,16.0
GACCCG,10.0,7.0,5.0,8.0,3.0,5.0,4.0,7.0,3.0,2.0,3.0,6.0,2.0,1.0,2.0,3.0,6.0,4.0
GGAACT,10.0,7.0,10.0,6.0,3.0,10.0,13.0,11.0,11.0,5.0,6.0,14.0,8.0,6.0,12.0,8.0,1.0,3.0
TGAACC,10.0,18.0,10.0,4.0,8.0,21.0,7.0,11.0,8.0,6.0,7.0,8.0,12.0,13.0,18.0,14.0,7.0,11.0
AGAAAG,11.0,10.0,21.0,2.0,11.0,4.0,7.0,2.0,4.0,9.0,13.0,14.0,8.0,7.0,7.0,7.0,3.0,10.0
ATCACC,11.0,4.0,9.0,2.0,5.0,5.0,2.0,3.0,3.0,4.0,5.0,3.0,6.0,5.0,8.0,7.0,2.0,6.0
CAAAAA,11.0,14.0,15.0,4.0,16.0,4.0,7.0,9.0,15.0,10.0,16.0,11.0,5.0,1.0,6.0,8.0,11.0,14.0
CAAACA,11.0,7.0,13.0,11.0,23.0,0.0,8.0,5.0,12.0,6.0,7.0,5.0,1.0,2.0,1.0,16.0,8.0,9.0
CACAAA,11.0,9.0,11.0,7.0,8.0,3.0,12.0,7.0,6.0,3.0,11.0,7.0,3.0,2.0,5.0,10.0,6.0,11.0
GAAAGC,11.0,5.0,6.0,1.0,9.0,10.0,5.0,10.0,3.0,3.0,7.0,2.0,6.0,9.0,2.0,3.0,3.0,3.0
GAACAT,11.0,9.0,9.0,6.0,4.0,9.0,5.0,12.0,6.0,6.0,6.0,5.0,19.0,6.0,5.0,2.0,0.0,7.0
GACACT,11.0,18.0,10.0,10.0,8.0,17.0,10.0,9.0,13.0,20.0,11.0,11.0,10.0,15.0,11.0,10.0,10.0,12.0
GGCACT,11.0,13.0,7.0,13.0,12.0,10.0,12.0,8.0,9.0,3.0,21.0,4.0,5.0,5.0,11.0,7.0,3.0,6.0
GGCCCG,11.0,7.0,6.0,5.0,8.0,5.0,7.0,3.0,5.0,3.0,5.0,2.0,0.0,2.0,1.0,3.0,6.0,3.0
GTACAA,11.0,17.0,11.0,7.0,10.0,10.0,7.0,6.0,7.0,10.0,11.0,13.0,8.0,12.0,13.0,7.0,9.0,3.0
TACCAC,11.0,12.0,11.0,12.0,10.0,19.0,8.0,11.0,11.0,6.0,11.0,7.0,9.0,18.0,25.0,11.0,8.0,6.0
TGCCAC,11.0,10.0,9.0,14.0,9.0,17.0,4.0,5.0,4.0,10.0,11.0,11.0,13.0,13.0,24.0,11.0,14.0,14.0
AACAAG,12.0,12.0,16.0,8.0,7.0,6.0,7.0,7.0,8.0,8.0,12.0,12.0,5.0,7.0,3.0,10.0,4.0,10.0
AGAACT,12.0,8.0,11.0,13.0,13.0,13.0,7.0,12.0,9.0,9.0,8.0,13.0,6.0,7.0,6.0,10.0,6.0,10.0
ATACAC,12.0,10.0,11.0,4.0,11.0,5.0,6.0,10.0,5.0,5.0,3.0,5.0,11.0,15.0,9.0,6.0,9.0,5.0
ATCACA,12.0,10.0,7.0,6.0,13.0,8.0,8.0,3.0,3.0,7.0,7.0,12.0,10.0,8.0,9.0,8.0,5.0,9.0
GGCAAG,12.0,18.0,8.0,6.0,23.0,11.0,11.0,11.0,11.0,10.0,5.0,12.0,8.0,6.0,8.0,17.0,9.0,8.0
GGCCAT,12.0,13.0,13.0,12.0,12.0,16.0,10.0,5.0,14.0,10.0,12.0,5.0,6.0,9.0,11.0,11.0,6.0,10.0
TAAACC,12.0,18.0,7.0,9.0,14.0,26.0,10.0,10.0,8.0,14.0,8.0,6.0,14.0,10.0,11.0,8.0,8.0,5.0
TACAAC,12.0,25.0,14.0,14.0,10.0,34.0,7.0,13.0,12.0,17.0,12.0,11.0,31.0,28.0,29.0,18.0,9.0,16.0
AGCAAT,13.0,18.0,16.0,13.0,8.0,13.0,6.0,14.0,10.0,10.0,8.0,12.0,17.0,17.0,14.0,10.0,5.0,11.0
TACACC,13.0,12.0,10.0,4.0,10.0,18.0,7.0,8.0,10.0,8.0,7.0,9.0,15.0,19.0,17.0,11.0,4.0,9.0
TGACCA,13.0,14.0,15.0,12.0,17.0,27.0,11.0,6.0,9.0,8.0,9.0,8.0,19.0,15.0,30.0,14.0,7.0,11.0
GAACAG,14.0,9.0,11.0,9.0,6.0,4.0,4.0,7.0,3.0,6.0,9.0,6.0,5.0,8.0,4.0,7.0,3.0,9.0
GTCACA,14.0,9.0,8.0,14.0,17.0,16.0,8.0,13.0,7.0,12.0,7.0,9.0,15.0,7.0,12.0,9.0,5.0,10.0
TACCCA,14.0,19.0,13.0,8.0,9.0,27.0,8.0,8.0,15.0,10.0,13.0,13.0,19.0,21.0,21.0,8.0,6.0,13.0
AAAAAT,15.0,24.0,22.0,11.0,19.0,22.0,17.0,4.0,46.0,13.0,14.0,21.0,11.0,14.0,16.0,14.0,9.0,10.0
GAAACG,15.0,10.0,6.0,7.0,12.0,5.0,8.0,9.0,7.0,9.0,7.0,13.0,8.0,5.0,8.0,7.0,7.0,6.0
TGCCCA,15.0,20.0,11.0,12.0,13.0,28.0,8.0,10.0,12.0,14.0,8.0,15.0,19.0,21.0,22.0,11.0,6.0,13.0
AAAAAG,16.0,24.0,17.0,6.0,18.0,12.0,13.0,8.0,11.0,13.0,7.0,8.0,9.0,26.0,8.0,10.0,14.0,11.0
ATAAAC,16.0,6.0,9.0,5.0,11.0,6.0,3.0,5.0,6.0,15.0,10.0,4.0,8.0,9.0,15.0,8.0,8.0,13.0
TAACAA,16.0,21.0,19.0,14.0,11.0,26.0,16.0,16.0,18.0,14.0,16.0,18.0,21.0,38.0,31.0,7.0,12.0,17.0
TGAAAC,16.0,22.0,13.0,12.0,22.0,27.0,11.0,12.0,26.0,17.0,14.0,11.0,48.0,37.0,32.0,11.0,13.0,12.0
TGACAC,16.0,13.0,6.0,10.0,14.0,25.0,9.0,5.0,7.0,5.0,7.0,6.0,20.0,23.0,29.0,12.0,9.0,14.0
AGAAAT,17.0,8.0,8.0,7.0,17.0,12.0,11.0,12.0,8.0,12.0,8.0,11.0,8.0,12.0,10.0,17.0,10.0,11.0
ATAAAA,17.0,24.0,13.0,13.0,17.0,20.0,20.0,14.0,14.0,16.0,15.0,16.0,12.0,20.0,25.0,26.0,11.0,24.0
ATAACA,17.0,20.0,12.0,12.0,9.0,14.0,8.0,10.0,5.0,22.0,12.0,16.0,11.0,12.0,18.0,10.0,10.0,10.0
TACCAA,18.0,92.0,19.0,17.0,22.0,29.0,18.0,56.0,24.0,15.0,13.0,18.0,27.0,33.0,24.0,13.0,13.0,15.0
TGCAAC,18.0,19.0,14.0,13.0,11.0,29.0,12.0,13.0,14.0,11.0,12.0,12.0,35.0,38.0,34.0,18.0,13.0,13.0
ATCAAA,19.0,20.0,24.0,16.0,20.0,22.0,11.0,17.0,12.0,13.0,21.0,11.0,16.0,13.0,14.0,16.0,9.0,19.0
GACAAT,19.0,62.0,20.0,9.0,16.0,18.0,10.0,15.0,13.0,14.0,21.0,13.0,15.0,14.0,19.0,17.0,11.0,10.0
GACACG,19.0,5.0,7.0,7.0,7.0,5.0,6.0,6.0,6.0,6.0,6.0,8.0,6.0,2.0,4.0,16.0,11.0,12.0
GTAACA,19.0,19.0,14.0,13.0,15.0,27.0,12.0,5.0,18.0,6.0,13.0,10.0,13.0,14.0,17.0,12.0,5.0,10.0
TAAACA,19.0,28.0,17.0,20.0,24.0,36.0,16.0,12.0,24.0,14.0,13.0,22.0,31.0,27.0,32.0,10.0,18.0,16.0
AGGCAC,20.0,1.0,0.0,1.0,1.0,0.0,0.0,1.0,1.0,0.0,1.0,0.0,1.0,1.0,2.0,1.0,0.0,0.0
GGCAAT,20.0,14.0,19.0,25.0,13.0,16.0,12.0,14.0,13.0,25.0,8.0,20.0,17.0,17.0,15.0,13.0,11.0,21.0
GTCCAA,20.0,35.0,16.0,17.0,8.0,13.0,7.0,12.0,16.0,12.0,7.0,10.0,12.0,13.0,10.0,16.0,5.0,2.0
TAACAC,20.0,20.0,10.0,13.0,7.0,18.0,10.0,6.0,9.0,9.0,4.0,3.0,26.0,16.0,22.0,11.0,8.0,13.0
GAAAAT,21.0,25.0,11.0,20.0,21.0,22.0,15.0,19.0,8.0,18.0,13.0,26.0,19.0,14.0,13.0,14.0,14.0,24.0
GGAAAG,21.0,19.0,15.0,13.0,20.0,24.0,9.0,13.0,22.0,9.0,13.0,10.0,4.0,13.0,6.0,8.0,7.0,10.0
TGACAA,21.0,25.0,22.0,15.0,16.0,33.0,19.0,14.0,7.0,11.0,14.0,22.0,37.0,37.0,39.0,17.0,12.0,26.0
GGAAAT,22.0,26.0,28.0,29.0,20.0,19.0,24.0,12.0,19.0,12.0,6.0,9.0,14.0,13.0,20.0,19.0,9.0,10.0
GTCAAA,22.0,22.0,23.0,14.0,16.0,23.0,15.0,14.0,17.0,15.0,21.0,14.0,16.0,12.0,30.0,33.0,15.0,24.0
TAAAAC,24.0,31.0,14.0,19.0,19.0,37.0,11.0,12.0,19.0,21.0,13.0,15.0,33.0,31.0,34.0,17.0,11.0,13.0
TAACCA,24.0,19.0,17.0,7.0,20.0,41.0,8.0,9.0,15.0,10.0,6.0,9.0,18.0,31.0,28.0,13.0,8.0,10.0
TACACA,25.0,27.0,21.0,14.0,28.0,45.0,17.0,5.0,22.0,27.0,21.0,23.0,34.0,29.0,43.0,24.0,12.0,18.0
TGCCAA,25.0,21.0,24.0,14.0,29.0,30.0,22.0,20.0,19.0,19.0,10.0,28.0,37.0,30.0,46.0,17.0,11.0,19.0
TGCACA,26.0,18.0,27.0,18.0,19.0,31.0,12.0,12.0,18.0,15.0,14.0,14.0,29.0,27.0,23.0,16.0,16.0,16.0
GAAAAG,27.0,19.0,6.0,15.0,14.0,9.0,7.0,12.0,11.0,7.0,8.0,23.0,9.0,7.0,16.0,16.0,15.0,11.0
GTAAAA,31.0,34.0,28.0,20.0,29.0,29.0,17.0,25.0,22.0,18.0,13.0,25.0,21.0,20.0,33.0,26.0,12.0,27.0
TGAAAA,40.0,47.0,51.0,43.0,57.0,81.0,27.0,27.0,44.0,28.0,29.0,39.0,49.0,64.0,61.0,33.0,19.0,28.0
TAAAAA,42.0,42.0,44.0,27.0,53.0,52.0,27.0,35.0,42.0,27.0,34.0,53.0,62.0,44.0,71.0,35.0,22.0,31.0
TACAAA,43.0,60.0,42.0,28.0,35.0,53.0,34.0,28.0,29.0,38.0,38.0,29.0,65.0,53.0,76.0,39.0,27.0,33.0
GGGAAC,45.0,0.0,2.0,2.0,3.0,3.0,0.0,0.0,4.0,1.0,0.0,0.0,2.0,1.0,1.0,2.0,1.0,1.0
TGCAAA,98.0,42.0,37.0,23.0,45.0,72.0,24.0,16.0,31.0,126.0,118.0,224.0,170.0,179.0,243.0,336.0,255.0,216.0
GGGAAA,120.0,2.0,57.0,4.0,53.0,4.0,3.0,0.0,52.0,5.0,0.0,3.0,4.0,3.0,4.0,1.0,1.0,3.0
AGCTCC,141.0,162.0,44.0,151.0,43.0,0.0,185.0,36.0,90.0,3.0,0.0,0.0,0.0,0.0,0.0,0.0,0.0,0.0
AAACCC,2807.0,2690.0,2282.0,1483.0,1954.0,1401.0,1709.0,1693.0,2250.0,1673.0,1535.0,1538.0,935.0,1248.0,1375.0,1460.0,988.0,1747.0
AGCCCC,2899.0,2566.0,2332.0,1851.0,2380.0,1721.0,2072.0,1715.0,1584.0,1659.0,1565.0,1803.0,1082.0,1055.0,928.0,1735.0,980.0,1810.0
GGACCC,2909.0,4538.0,2852.0,3585.0,2558.0,2322.0,2248.0,1946.0,2411.0,2811.0,3910.0,2374.0,2242.0,2655.0,2693.0,3294.0,2883.0,3510.0
AGCCAC,3096.0,3178.0,2239.0,2011.0,1871.0,1525.0,2089.0,1961.0,1906.0,4010.0,3639.0,4085.0,2956.0,4355.0,3445.0,4800.0,4118.0,5462.0
AACACC,3143.0,3174.0,2981.0,2876.0,2067.0,1981.0,2056.0,2238.0,2444.0,3148.0,2919.0,3612.0,2108.0,1645.0,2029.0,3016.0,3436.0,3055.0
AACCCC,3200.0,2601.0,2055.0,2329.0,2250.0,1723.0,1885.0,1907.0,1909.0,2272.0,2193.0,2642.0,1630.0,1662.0,1841.0,2645.0,1778.0,3336.0
AGACCC,3367.0,3244.0,2714.0,2355.0,2282.0,1952.0,1774.0,2287.0,2221.0,2144.0,2223.0,2835.0,1701.0,1826.0,1978.0,3127.0,2098.0,2672.0
AGCCCA,3408.0,5063.0,3700.0,2901.0,3972.0,2364.0,2546.0,2839.0,3280.0,2414.0,2782.0,3121.0,2666.0,2722.0,2923.0,2671.0,2567.0,4184.0
AACCAC,3565.0,4532.0,3320.0,2830.0,3321.0,1508.0,2697.0,2503.0,2876.0,4561.0,3780.0,4320.0,2699.0,2785.0,2491.0,3959.0,3469.0,3753.0
AAACCA,3728.0,4171.0,3703.0,2602.0,4594.0,2238.0,2633.0,2006.0,2952.0,3724.0,3108.0,2919.0,2852.0,2615.0,2884.0,4109.0,3258.0,3873.0
GGCCCC,4057.0,3862.0,3599.0,3241.0,2999.0,2561.0,3410.0,3338.0,3070.0,2833.0,2441.0,2761.0,1528.0,1238.0,2061.0,2630.0,2089.0,3379.0
AGCACC,4487.0,3899.0,3874.0,3199.0,4192.0,2452.0,3147.0,3045.0,4196.0,4538.0,3624.0,5176.0,2717.0,2920.0,3163.0,4361.0,4424.0,5151.0
AGACAC,4537.0,4222.0,4449.0,3036.0,3509.0,2739.0,3219.0,3614.0,3686.0,3871.0,3708.0,4985.0,3755.0,3809.0,3712.0,5205.0,3990.0,4845.0
AAACAC,4705.0,5714.0,4912.0,3847.0,3741.0,2970.0,3607.0,4023.0,3750.0,3728.0,3595.0,4620.0,3191.0,2927.0,2963.0,3917.0,3387.0,4379.0
AGACCA,4737.0,4527.0,4905.0,4234.0,5321.0,2985.0,3297.0,4610.0,3889.0,5070.0,4858.0,5445.0,4322.0,4695.0,4768.0,7850.0,4724.0,7270.0
AAAACC,4752.0,4657.0,4205.0,2857.0,3054.0,2490.0,3109.0,3616.0,3570.0,4684.0,4586.0,4335.0,2591.0,2695.0,2888.0,4060.0,3896.0,4883.0
GGAACC,4856.0,6388.0,4668.0,4446.0,4859.0,3565.0,3889.0,4159.0,4145.0,4048.0,3165.0,3451.0,2706.0,2671.0,2828.0,4449.0,3274.0,3981.0
GACCAC,5144.0,6479.0,3897.0,4468.0,4412.0,3087.0,3884.0,4300.0,4365.0,4696.0,4357.0,3914.0,2959.0,3237.0,2998.0,4245.0,4557.0,5369.0
GGCCAC,5276.0,4358.0,4701.0,3277.0,4536.0,2851.0,3394.0,3736.0,3786.0,3768.0,3563.0,4185.0,3438.0,2841.0,4004.0,4181.0,4156.0,4923.0
AGCACA,5277.0,6418.0,3725.0,4130.0,4754.0,2930.0,3430.0,3318.0,3680.0,4449.0,4554.0,4099.0,3170.0,3619.0,3885.0,5222.0,4245.0,5815.0
AGAAAC,5302.0,6238.0,5536.0,4239.0,5062.0,3867.0,3309.0,4367.0,5021.0,6983.0,5415.0,6361.0,4745.0,3625.0,4145.0,6354.0,5584.0,7874.0
GAACCC,5573.0,4576.0,4005.0,4301.0,3257.0,2418.0,3105.0,3101.0,2829.0,2624.0,3189.0,3482.0,2068.0,2277.0,2177.0,3045.0,2968.0,3932.0
GGCACC,5739.0,5549.0,4197.0,4545.0,4316.0,4021.0,4941.0,4244.0,3697.0,3540.0,3550.0,4712.0,2844.0,2716.0,2561.0,3816.0,3235.0,4752.0
GGACAC,5761.0,5559.0,5663.0,4098.0,6247.0,3254.0,3530.0,4111.0,4073.0,4506.0,4145.0,4357.0,4103.0,3882.0,4483.0,4905.0,5114.0,5797.0
AGCCAA,5775.0,6756.0,5218.0,6426.0,5544.0,3943.0,4189.0,5181.0,5158.0,3647.0,3458.0,3870.0,2617.0,2422.0,3341.0,3187.0,2743.0,4077.0
GACCCC,5796.0,4516.0,4606.0,4299.0,4571.0,2838.0,3040.0,3831.0,3846.0,1791.0,2261.0,1565.0,1299.0,1265.0,1566.0,1933.0,1622.0,2640.0
GGCCCA,5962.0,5992.0,5654.0,5769.0,6298.0,4082.0,4374.0,4042.0,6361.0,3883.0,4648.0,4476.0,3285.0,3942.0,3995.0,5804.0,4598.0,5114.0
AGAACC,6229.0,6802.0,4911.0,3852.0,5356.0,3550.0,4767.0,4248.0,3561.0,2423.0,3230.0,3547.0,1455.0,2164.0,2300.0,3161.0,2587.0,2852.0
AACCAA,6331.0,7908.0,6892.0,4968.0,4658.0,3916.0,4018.0,4724.0,4715.0,4115.0,3776.0,3683.0,2312.0,2015.0,2897.0,3618.0,2828.0,4924.0
GGACCA,6388.0,6794.0,5389.0,6309.0,7222.0,5375.0,4953.0,6325.0,5060.0,3559.0,3295.0,3564.0,2893.0,2884.0,3139.0,4371.0,3793.0,6363.0
AACAAC,6429.0,7798.0,4980.0,4701.0,4213.0,2903.0,3790.0,3731.0,4633.0,6215.0,6334.0,6437.0,4592.0,3085.0,4215.0,6387.0,6530.0,6289.0
AGACAA,6636.0,7548.0,5325.0,4406.0,7296.0,4575.0,4479.0,6115.0,4906.0,4503.0,4676.0,4208.0,4251.0,3647.0,3817.0,4775.0,4228.0,5383.0
AGCAAC,6758.0,7806.0,5736.0,4477.0,5497.0,3882.0,3895.0,4665.0,4830.0,4457.0,3370.0,4478.0,2109.0,2015.0,3195.0,3652.0,3373.0,3651.0
GAACAC,6785.0,7373.0,5075.0,3881.0,4766.0,3714.0,4094.0,4150.0,4515.0,3597.0,3842.0,4143.0,3149.0,3596.0,3045.0,4398.0,4415.0,5128.0
GAAACC,6805.0,5383.0,4264.0,5995.0,4901.0,3730.0,4169.0,5773.0,4061.0,3839.0,4024.0,4094.0,2197.0,2161.0,2422.0,3211.0,3340.0,4609.0
AAAACA,6826.0,9464.0,6858.0,5378.0,6926.0,3710.0,4274.0,5522.0,5093.0,7297.0,7136.0,8023.0,4898.0,5091.0,5266.0,8376.0,5946.0,8518.0
GACCCA,6931.0,6690.0,4991.0,5181.0,4795.0,4319.0,3632.0,4088.0,4597.0,3685.0,4005.0,3809.0,3090.0,3340.0,3260.0,4038.0,3593.0,4811.0
AACCCA,6959.0,7342.0,5729.0,4874.0,5313.0,3851.0,5046.0,5893.0,4937.0,3777.0,4278.0,3335.0,2864.0,2709.0,2562.0,4857.0,3331.0,4412.0
AAAAAC,7194.0,7925.0,5522.0,4583.0,5708.0,3567.0,4615.0,4541.0,4596.0,6092.0,5456.0,6218.0,4557.0,3602.0,4545.0,4977.0,5664.0,5733.0
GACACC,7436.0,6176.0,6126.0,4031.0,4758.0,3089.0,3301.0,3926.0,4099.0,4123.0,4122.0,4796.0,2597.0,2649.0,2854.0,4047.0,3653.0,4328.0
AAACAA,7623.0,8371.0,7259.0,5917.0,5393.0,4269.0,5934.0,6240.0,5734.0,5793.0,6309.0,5588.0,4204.0,4283.0,5016.0,6563.0,4403.0,5757.0
GGAAAC,7700.0,10397.0,8343.0,8975.0,8818.0,5884.0,7620.0,6709.0,8146.0,6415.0,5714.0,6543.0,5046.0,5012.0,5060.0,7467.0,6171.0,7929.0
GAACCA,7710.0,8777.0,5300.0,6924.0,6310.0,5140.0,5598.0,6448.0,6111.0,4986.0,5516.0,5527.0,3999.0,4420.0,4218.0,7114.0,5987.0,6337.0
GAACAA,7904.0,8586.0,6863.0,5933.0,7022.0,4562.0,6628.0,5725.0,6252.0,4962.0,5381.0,6389.0,4009.0,4720.0,4426.0,4902.0,3654.0,6169.0
GGAACA,8021.0,8112.0,6441.0,6710.0,7954.0,5209.0,5214.0,5574.0,6079.0,5505.0,5112.0,6556.0,4214.0,3342.0,5364.0,6967.0,5255.0,6741.0
AACACA,8869.0,8264.0,6581.0,5338.0,6494.0,4443.0,5464.0,5582.0,5590.0,5714.0,5935.0,5870.0,4031.0,3554.0,3643.0,6097.0,4483.0,6297.0
GGACAA,8939.0,7147.0,6783.0,7463.0,7299.0,6607.0,6133.0,7014.0,5851.0,5405.0,6164.0,6213.0,4891.0,5360.0,4886.0,6948.0,5761.0,6880.0
AGAACA,9190.0,8452.0,7371.0,7248.0,7972.0,5456.0,6542.0,6234.0,7154.0,5346.0,5244.0,5207.0,3918.0,3948.0,4571.0,5336.0,4797.0,7224.0
GGCACA,9363.0,9085.0,8195.0,8723.0,8756.0,7062.0,7053.0,7825.0,8977.0,5737.0,5338.0,5905.0,3741.0,3811.0,4467.0,5216.0,4916.0,6151.0
GGCAAC,9396.0,9208.0,8332.0,6663.0,7516.0,4794.0,6073.0,6628.0,7028.0,5561.0,5387.0,6307.0,4166.0,5340.0,4889.0,6699.0,5445.0,7867.0
GACAAC,9403.0,12078.0,8137.0,5719.0,7087.0,5237.0,6316.0,6418.0,5644.0,6574.0,5763.0,6649.0,4365.0,4420.0,4123.0,6000.0,5016.0,6853.0
GAAAAC,9415.0,10717.0,9217.0,6576.0,9897.0,6277.0,6726.0,7961.0,8188.0,6793.0,7381.0,6815.0,4919.0,5980.0,5459.0,7637.0,7052.0,8071.0
AGAAAA,9816.0,12636.0,8833.0,6541.0,8929.0,6133.0,7004.0,6502.0,7021.0,7975.0,8810.0,9672.0,7146.0,7977.0,6668.0,10819.0,7325.0,11099.0
GAAACA,9983.0,11706.0,8337.0,8044.0,9632.0,7031.0,6608.0,7475.0,7726.0,6887.0,7120.0,7106.0,5224.0,5060.0,6669.0,6508.0,7183.0,8098.0
GACCAA,10009.0,11035.0,8288.0,7178.0,10459.0,6315.0,6017.0,6868.0,7329.0,4899.0,5175.0,5753.0,3583.0,4024.0,4001.0,4801.0,4509.0,6262.0
GGCCAA,10604.0,10862.0,9038.0,10183.0,8053.0,7066.0,8228.0,9157.0,9930.0,5663.0,5613.0,6579.0,4809.0,4188.0,6077.0,7970.0,6681.0,8058.0
GACACA,11139.0,11622.0,9051.0,10286.0,9817.0,7045.0,7897.0,7875.0,8445.0,8557.0,8647.0,9553.0,6186.0,5378.0,7042.0,9265.0,7744.0,11195.0
AACAAA,11643.0,14044.0,10769.0,7206.0,9446.0,7881.0,7963.0,8899.0,8470.0,8427.0,8584.0,9670.0,5698.0,5152.0,6229.0,8602.0,7243.0,9612.0
AGCAAA,12338.0,13042.0,10299.0,7859.0,10387.0,6821.0,6740.0,8368.0,8051.0,9082.0,10028.0,8922.0,6417.0,6358.0,7765.0,9891.0,8452.0,10995.0
AAAAAA,12757.0,17212.0,11982.0,8369.0,10687.0,7872.0,9147.0,9604.0,10892.0,10203.0,10494.0,12523.0,7483.0,8704.0,8188.0,11065.0,10621.0,13095.0
GGCAAA,13853.0,16040.0,12196.0,14852.0,13656.0,10387.0,9070.0,10547.0,12069.0,10100.0,9488.0,11294.0,8573.0,8604.0,10592.0,13646.0,11722.0,13842.0
GACAAA,16561.0,19164.0,14529.0,10181.0,14225.0,9578.0,10853.0,13121.0,11837.0,12686.0,12461.0,11629.0,7907.0,8872.0,10290.0,13390.0,9988.0,13249.0
GGAAAA,17034.0,18791.0,16389.0,17446.0,19199.0,13821.0,13467.0,15836.0,15132.0,9921.0,10357.0,10655.0,7495.0,9448.0,10276.0,11583.0,10072.0,11556.0
GAAAAA,17453.0,17897.0,12752.0,13751.0,15677.0,9978.0,12137.0,14179.0,13401.0,13520.0,12513.0,14977.0,9139.0,8519.0,9556.0,14572.0,11092.0,16450.0
AAACGT,0.0,1.0,0.0,0.0,0.0,0.0,0.0,0.0,0.0,0.0,0.0,0.0,0.0,0.0,0.0,0.0,0.0,0.0
AAAGCC,0.0,1.0,0.0,0.0,1.0,1.0,1.0,1.0,0.0,0.0,0.0,1.0,1.0,0.0,2.0,1.0,0.0,3.0
AACAGT,0.0,1.0,0.0,0.0,0.0,0.0,0.0,0.0,0.0,0.0,0.0,0.0,0.0,0.0,0.0,0.0,0.0,0.0
AACCAN,0.0,1.0,1.0,1.0,0.0,0.0,0.0,0.0,0.0,1.0,0.0,0.0,0.0,0.0,0.0,2.0,0.0,0.0
AACCCN,0.0,1.0,1.0,0.0,3.0,1.0,3.0,0.0,0.0,0.0,1.0,0.0,0.0,0.0,0.0,0.0,1.0,0.0
AACCGG,0.0,1.0,0.0,0.0,0.0,0.0,0.0,0.0,0.0,0.0,0.0,0.0,0.0,0.0,0.0,0.0,0.0,0.0
AACTAC,0.0,1.0,0.0,0.0,0.0,1.0,0.0,0.0,0.0,1.0,1.0,0.0,0.0,0.0,0.0,0.0,0.0,0.0
AACTCA,0.0,1.0,1.0,1.0,0.0,1.0,0.0,1.0,0.0,0.0,0.0,0.0,0.0,0.0,0.0,2.0,0.0,0.0
AAGACC,0.0,1.0,1.0,1.0,1.0,1.0,1.0,0.0,0.0,0.0,0.0,2.0,0.0,0.0,1.0,15.0,0.0,0.0
AAGCCA,0.0,1.0,1.0,1.0,2.0,0.0,1.0,2.0,0.0,1.0,0.0,2.0,0.0,0.0,1.0,0.0,0.0,0.0
AAGTAA,0.0,1.0,0.0,0.0,0.0,0.0,0.0,0.0,0.0,0.0,0.0,0.0,0.0,0.0,0.0,0.0,0.0,0.0
AATCAA,0.0,1.0,3.0,1.0,76.0,1.0,0.0,2.0,0.0,12.0,14.0,2.0,11.0,3.0,3.0,8.0,8.0,4.0
ACAAAC,0.0,1.0,2.0,1.0,2.0,5.0,1.0,1.0,1.0,0.0,2.0,1.0,1.0,0.0,0.0,0.0,1.0,0.0
ACACAA,0.0,1.0,0.0,1.0,6.0,2.0,2.0,1.0,2.0,0.0,3.0,0.0,0.0,0.0,2.0,0.0,0.0,1.0
ACACCC,0.0,1.0,0.0,0.0,0.0,0.0,0.0,0.0,0.0,0.0,0.0,0.0,0.0,0.0,0.0,2.0,0.0,0.0
AGAATT,0.0,1.0,0.0,0.0,0.0,0.0,0.0,0.0,0.0,0.0,0.0,0.0,0.0,0.0,0.0,1.0,0.0,0.0
AGACAN,0.0,1.0,1.0,1.0,3.0,0.0,0.0,2.0,0.0,0.0,1.0,1.0,0.0,0.0,0.0,0.0,0.0,2.0
AGAGCG,0.0,1.0,0.0,0.0,0.0,0.0,0.0,0.0,0.0,0.0,0.0,0.0,0.0,0.0,0.0,0.0,0.0,0.0
AGCACN,0.0,1.0,0.0,3.0,0.0,0.0,0.0,0.0,1.0,1.0,1.0,1.0,0.0,0.0,0.0,3.0,2.0,0.0
AGCCGC,0.0,1.0,2.0,3.0,1.0,1.0,2.0,0.0,0.0,2.0,1.0,0.0,2.0,4.0,5.0,4.0,1.0,2.0
AGCGAC,0.0,1.0,0.0,2.0,1.0,1.0,1.0,1.0,0.0,1.0,0.0,2.0,0.0,0.0,1.0,0.0,0.0,0.0
AGCTAG,0.0,1.0,0.0,0.0,0.0,0.0,0.0,0.0,0.0,0.0,0.0,0.0,0.0,0.0,0.0,0.0,0.0,0.0
AGGACC,0.0,1.0,0.0,2.0,0.0,0.0,0.0,0.0,1.0,0.0,1.0,1.0,1.0,0.0,1.0,0.0,0.0,1.0
ATAACT,0.0,1.0,1.0,1.0,1.0,0.0,0.0,1.0,0.0,0.0,0.0,0.0,1.0,0.0,0.0,1.0,0.0,0.0
ATCTAA,0.0,1.0,0.0,0.0,0.0,0.0,0.0,0.0,0.0,0.0,1.0,0.0,0.0,0.0,0.0,0.0,0.0,0.0
ATGAAA,0.0,1.0,0.0,0.0,0.0,0.0,0.0,0.0,0.0,0.0,1.0,0.0,0.0,0.0,1.0,0.0,0.0,0.0
ATGATA,0.0,1.0,0.0,0.0,0.0,0.0,0.0,0.0,0.0,0.0,0.0,0.0,0.0,0.0,0.0,0.0,0.0,0.0
ATTAAA,0.0,1.0,0.0,0.0,0.0,0.0,0.0,0.0,0.0,0.0,0.0,0.0,0.0,0.0,0.0,0.0,0.0,0.0
CAACAT,0.0,1.0,0.0,0.0,1.0,0.0,0.0,0.0,0.0,0.0,0.0,0.0,0.0,0.0,0.0,1.0,0.0,0.0
CAAGCC,0.0,1.0,0.0,0.0,0.0,0.0,0.0,0.0,0.0,1.0,0.0,0.0,0.0,0.0,0.0,0.0,0.0,0.0
CACACG,0.0,1.0,1.0,0.0,0.0,0.0,0.0,1.0,1.0,1.0,1.0,0.0,0.0,0.0,0.0,0.0,1.0,1.0
CACAGA,0.0,1.0,0.0,0.0,0.0,0.0,0.0,0.0,0.0,0.0,0.0,0.0,0.0,0.0,0.0,0.0,0.0,0.0
CACCAG,0.0,1.0,1.0,0.0,0.0,0.0,0.0,0.0,0.0,0.0,0.0,0.0,0.0,0.0,0.0,0.0,1.0,0.0
CACCCG,0.0,1.0,0.0,1.0,0.0,0.0,0.0,0.0,1.0,0.0,1.0,1.0,0.0,0.0,0.0,0.0,0.0,0.0
CCAACC,0.0,1.0,1.0,0.0,0.0,0.0,0.0,0.0,0.0,0.0,1.0,0.0,0.0,0.0,0.0,0.0,0.0,0.0
CCACAA,0.0,1.0,1.0,0.0,0.0,0.0,0.0,0.0,0.0,0.0,0.0,0.0,0.0,0.0,0.0,0.0,0.0,0.0
CGACCT,0.0,1.0,0.0,0.0,1.0,0.0,1.0,0.0,1.0,0.0,0.0,0.0,0.0,0.0,0.0,0.0,0.0,0.0
CGCACG,0.0,1.0,0.0,0.0,0.0,0.0,0.0,0.0,0.0,0.0,0.0,0.0,0.0,0.0,0.0,0.0,0.0,0.0
CGGCCA,0.0,1.0,0.0,0.0,0.0,0.0,0.0,0.0,0.0,0.0,0.0,0.0,0.0,0.0,0.0,0.0,0.0,0.0
CNACCC,0.0,1.0,0.0,0.0,0.0,0.0,0.0,0.0,0.0,0.0,0.0,0.0,0.0,0.0,0.0,0.0,0.0,0.0
CTCAAA,0.0,1.0,0.0,1.0,0.0,0.0,0.0,1.0,0.0,0.0,0.0,0.0,0.0,0.0,0.0,0.0,0.0,1.0
CTCACA,0.0,1.0,0.0,0.0,0.0,0.0,0.0,0.0,0.0,1.0,0.0,0.0,0.0,0.0,0.0,0.0,1.0,0.0
CTCACC,0.0,1.0,0.0,0.0,0.0,0.0,0.0,0.0,0.0,0.0,0.0,0.0,0.0,0.0,0.0,0.0,0.0,0.0
GAAATT,0.0,1.0,0.0,0.0,0.0,0.0,0.0,0.0,0.0,0.0,0.0,0.0,0.0,0.0,0.0,1.0,0.0,0.0
GAACCN,0.0,1.0,1.0,2.0,1.0,0.0,1.0,0.0,2.0,1.0,0.0,0.0,1.0,0.0,0.0,0.0,0.0,2.0
GACTAA,0.0,1.0,1.0,1.0,3.0,2.0,15.0,0.0,1.0,0.0,0.0,1.0,1.0,2.0,3.0,0.0,1.0,2.0
GAGAAC,0.0,1.0,1.0,1.0,2.0,1.0,1.0,0.0,1.0,5.0,16.0,42.0,1.0,0.0,0.0,1.0,2.0,0.0
GAGANA,0.0,1.0,0.0,0.0,0.0,0.0,0.0,0.0,0.0,0.0,0.0,0.0,0.0,0.0,0.0,0.0,0.0,0.0
GAGCAT,0.0,1.0,0.0,0.0,0.0,0.0,0.0,0.0,0.0,0.0,0.0,0.0,0.0,0.0,0.0,0.0,0.0,0.0
GATAAT,0.0,1.0,0.0,2.0,0.0,0.0,0.0,0.0,0.0,0.0,0.0,1.0,0.0,0.0,0.0,0.0,0.0,0.0
GCAAAG,0.0,1.0,0.0,0.0,0.0,0.0,0.0,0.0,0.0,0.0,0.0,0.0,0.0,0.0,0.0,0.0,0.0,0.0
GCACAA,0.0,1.0,0.0,2.0,4.0,1.0,0.0,0.0,0.0,1.0,0.0,1.0,2.0,1.0,1.0,1.0,0.0,2.0
GCACCC,0.0,1.0,0.0,0.0,1.0,0.0,2.0,1.0,0.0,0.0,1.0,0.0,0.0,0.0,1.0,2.0,0.0,2.0
GCCCAA,0.0,1.0,2.0,1.0,0.0,2.0,2.0,2.0,3.0,0.0,0.0,2.0,1.0,1.0,4.0,1.0,2.0,2.0
GGACCN,0.0,1.0,0.0,2.0,0.0,0.0,2.0,0.0,1.0,0.0,0.0,2.0,0.0,0.0,0.0,0.0,1.0,0.0
GGAGGA,0.0,1.0,2.0,0.0,0.0,3.0,52.0,2.0,0.0,14.0,1.0,0.0,1.0,0.0,0.0,0.0,0.0,0.0
GGCTCA,0.0,1.0,0.0,1.0,0.0,0.0,0.0,0.0,1.0,2.0,1.0,0.0,1.0,0.0,0.0,1.0,0.0,1.0
GGCTTT,0.0,1.0,0.0,0.0,0.0,0.0,0.0,0.0,0.0,0.0,0.0,0.0,0.0,0.0,0.0,0.0,0.0,0.0
GGTACA,0.0,1.0,3.0,1.0,0.0,3.0,0.0,1.0,2.0,4.0,0.0,2.0,2.0,2.0,3.0,1.0,2.0,1.0
GNCCTC,0.0,1.0,0.0,0.0,0.0,0.0,0.0,0.0,0.0,0.0,0.0,0.0,0.0,0.0,0.0,0.0,0.0,0.0
GTAACT,0.0,1.0,1.0,0.0,0.0,0.0,0.0,1.0,0.0,2.0,0.0,0.0,1.0,0.0,0.0,0.0,0.0,1.0
GTCCTC,0.0,1.0,0.0,0.0,0.0,0.0,0.0,1.0,0.0,0.0,0.0,0.0,0.0,0.0,0.0,0.0,0.0,0.0
GTGAAC,0.0,1.0,0.0,0.0,0.0,0.0,0.0,0.0,0.0,0.0,0.0,0.0,0.0,0.0,0.0,0.0,0.0,0.0
TACCAT,0.0,1.0,0.0,0.0,0.0,0.0,0.0,1.0,0.0,0.0,0.0,0.0,0.0,0.0,0.0,0.0,0.0,0.0
TACCCG,0.0,1.0,0.0,0.0,0.0,0.0,0.0,0.0,0.0,0.0,0.0,0.0,0.0,0.0,0.0,0.0,0.0,0.0
TCCAAC,0.0,1.0,0.0,0.0,0.0,0.0,0.0,0.0,0.0,0.0,0.0,0.0,0.0,0.0,0.0,0.0,0.0,0.0
TGAAAT,0.0,1.0,0.0,0.0,0.0,0.0,0.0,0.0,0.0,0.0,1.0,0.0,2.0,0.0,0.0,0.0,0.0,0.0
TGAGAA,0.0,1.0,0.0,0.0,0.0,1.0,0.0,0.0,0.0,0.0,0.0,0.0,1.0,0.0,1.0,0.0,0.0,1.0
TGAGCC,0.0,1.0,0.0,0.0,0.0,0.0,0.0,0.0,0.0,0.0,0.0,0.0,0.0,0.0,0.0,0.0,0.0,0.0
TGCACT,0.0,1.0,0.0,0.0,1.0,0.0,0.0,0.0,0.0,0.0,0.0,0.0,1.0,1.0,0.0,0.0,0.0,0.0
TGGACA,0.0,1.0,0.0,0.0,0.0,0.0,0.0,0.0,0.0,0.0,0.0,0.0,0.0,0.0,1.0,0.0,0.0,0.0
TTACAA,0.0,1.0,0.0,0.0,1.0,1.0,2.0,2.0,0.0,1.0,2.0,0.0,0.0,0.0,0.0,1.0,0.0,0.0
TTCAAC,0.0,1.0,0.0,2.0,1.0,1.0,0.0,1.0,1.0,0.0,1.0,1.0,2.0,1.0,0.0,0.0,0.0,1.0
TTCACA,0.0,1.0,1.0,0.0,0.0,0.0,1.0,0.0,2.0,2.0,2.0,0.0,0.0,0.0,1.0,0.0,0.0,0.0
AAACCN,0.0,2.0,0.0,0.0,1.0,0.0,0.0,1.0,2.0,1.0,1.0,1.0,0.0,0.0,0.0,0.0,1.0,1.0
AACGAC,0.0,2.0,1.0,1.0,2.0,1.0,0.0,0.0,1.0,3.0,0.0,1.0,1.0,2.0,1.0,1.0,2.0,0.0
AAGCAA,0.0,2.0,18.0,1.0,1.0,0.0,0.0,0.0,1.0,0.0,3.0,25.0,0.0,0.0,1.0,1.0,0.0,1.0
ACAACC,0.0,2.0,0.0,0.0,0.0,0.0,0.0,0.0,0.0,1.0,1.0,1.0,0.0,0.0,2.0,1.0,0.0,0.0
ACACAC,0.0,2.0,1.0,0.0,0.0,0.0,1.0,0.0,1.0,0.0,1.0,0.0,2.0,3.0,0.0,2.0,2.0,1.0
ACCACA,0.0,2.0,0.0,1.0,0.0,0.0,0.0,1.0,1.0,1.0,1.0,0.0,2.0,0.0,2.0,0.0,1.0,1.0
AGGACA,0.0,2.0,0.0,2.0,0.0,1.0,1.0,0.0,1.0,18.0,0.0,2.0,2.0,2.0,0.0,1.0,0.0,3.0
CAACCG,0.0,2.0,0.0,1.0,1.0,0.0,0.0,0.0,0.0,1.0,0.0,0.0,0.0,0.0,0.0,0.0,0.0,0.0
CGACAC,0.0,2.0,3.0,2.0,3.0,1.0,3.0,2.0,3.0,5.0,3.0,3.0,3.0,1.0,0.0,9.0,4.0,4.0
CTACTT,0.0,2.0,0.0,0.0,0.0,1.0,2.0,0.0,1.0,0.0,0.0,0.0,0.0,0.0,0.0,0.0,0.0,0.0
GCACAC,0.0,2.0,1.0,2.0,0.0,0.0,0.0,0.0,0.0,2.0,1.0,2.0,2.0,1.0,0.0,0.0,1.0,2.0
GGCACN,0.0,2.0,1.0,2.0,2.0,0.0,1.0,2.0,4.0,1.0,3.0,2.0,0.0,0.0,0.0,1.0,2.0,2.0
TTCCAA,0.0,2.0,1.0,0.0,0.0,1.0,0.0,0.0,0.0,0.0,0.0,1.0,0.0,0.0,1.0,1.0,1.0,0.0
AGAGAC,0.0,3.0,0.0,1.0,0.0,2.0,0.0,1.0,0.0,1.0,0.0,1.0,1.0,0.0,2.0,3.0,1.0,1.0
GCACCA,0.0,3.0,2.0,1.0,0.0,0.0,0.0,1.0,1.0,0.0,0.0,1.0,0.0,0.0,2.0,2.0,0.0,0.0
GGAACN,0.0,3.0,0.0,0.0,1.0,1.0,1.0,1.0,3.0,2.0,0.0,0.0,0.0,0.0,0.0,1.0,1.0,0.0
AGGCAA,0.0,4.0,2.0,0.0,0.0,1.0,2.0,0.0,2.0,0.0,0.0,2.0,1.0,0.0,0.0,0.0,1.0,0.0
AGTCAA,0.0,4.0,34.0,3.0,2.0,0.0,1.0,3.0,2.0,1.0,3.0,1.0,1.0,1.0,2.0,1.0,1.0,0.0
GAAGAC,0.0,4.0,1.0,2.0,2.0,1.0,0.0,3.0,1.0,2.0,0.0,0.0,0.0,2.0,0.0,1.0,0.0,2.0
GNAACC,0.0,4.0,2.0,2.0,4.0,0.0,4.0,1.0,1.0,0.0,0.0,1.0,0.0,0.0,0.0,3.0,1.0,2.0
GACAAN,0.0,5.0,1.0,1.0,4.0,1.0,0.0,1.0,1.0,1.0,0.0,0.0,0.0,0.0,0.0,2.0,0.0,2.0
GGACTC,0.0,5.0,0.0,2.0,0.0,3.0,0.0,2.0,2.0,3.0,5.0,1.0,4.0,2.0,6.0,0.0,2.0,5.0
CGACCC,0.0,6.0,3.0,3.0,4.0,0.0,1.0,0.0,1.0,1.0,1.0,2.0,0.0,0.0,0.0,3.0,1.0,1.0
GAAAAN,0.0,7.0,1.0,5.0,6.0,0.0,0.0,2.0,3.0,4.0,3.0,3.0,0.0,0.0,0.0,1.0,1.0,8.0
AAAACN,0.0,0.0,1.0,1.0,1.0,0.0,1.0,2.0,1.0,0.0,3.0,0.0,0.0,0.0,0.0,4.0,2.0,2.0
AAAGGA,0.0,0.0,1.0,0.0,44.0,0.0,0.0,0.0,1.0,0.0,0.0,0.0,0.0,0.0,0.0,0.0,0.0,0.0
AACGAA,0.0,0.0,1.0,2.0,1.0,3.0,0.0,1.0,1.0,1.0,4.0,1.0,1.0,4.0,2.0,3.0,0.0,2.0
AACGAG,0.0,0.0,1.0,0.0,0.0,0.0,0.0,0.0,0.0,0.0,0.0,0.0,0.0,0.0,0.0,0.0,1.0,0.0
AATCCC,0.0,0.0,1.0,0.0,1.0,0.0,0.0,1.0,0.0,4.0,12.0,5.0,3.0,1.0,4.0,4.0,2.0,7.0
AGATAC,0.0,0.0,1.0,0.0,0.0,0.0,0.0,0.0,1.0,1.0,0.0,0.0,0.0,0.0,2.0,1.0,0.0,0.0
AGATCA,0.0,0.0,1.0,0.0,0.0,0.0,0.0,0.0,1.0,0.0,0.0,0.0,0.0,0.0,0.0,1.0,1.0,0.0
AGATNA,0.0,0.0,1.0,0.0,0.0,0.0,0.0,0.0,0.0,0.0,0.0,0.0,0.0,0.0,0.0,0.0,0.0,0.0
AGCTAC,0.0,0.0,1.0,2.0,0.0,0.0,3.0,0.0,2.0,0.0,1.0,0.0,0.0,0.0,0.0,0.0,0.0,0.0
AGGAAT,0.0,0.0,1.0,0.0,0.0,0.0,0.0,0.0,0.0,0.0,0.0,0.0,0.0,0.0,0.0,0.0,0.0,0.0
ATTAAC,0.0,0.0,1.0,0.0,0.0,0.0,0.0,0.0,0.0,0.0,0.0,0.0,0.0,0.0,0.0,0.0,0.0,0.0
ATTCCA,0.0,0.0,1.0,0.0,0.0,0.0,0.0,0.0,0.0,0.0,0.0,0.0,1.0,0.0,0.0,0.0,0.0,0.0
CAACCT,0.0,0.0,1.0,0.0,0.0,0.0,0.0,0.0,0.0,0.0,0.0,0.0,1.0,0.0,0.0,0.0,0.0,0.0
CGAAAT,0.0,0.0,1.0,0.0,2.0,0.0,0.0,0.0,0.0,0.0,0.0,2.0,0.0,0.0,0.0,0.0,0.0,0.0
CGATCA,0.0,0.0,1.0,0.0,0.0,0.0,0.0,0.0,0.0,0.0,0.0,0.0,0.0,0.0,0.0,0.0,0.0,0.0
CGCACT,0.0,0.0,1.0,0.0,0.0,0.0,0.0,0.0,0.0,0.0,0.0,0.0,0.0,0.0,0.0,0.0,1.0,0.0
GAAGAN,0.0,0.0,1.0,0.0,0.0,0.0,0.0,0.0,0.0,0.0,0.0,0.0,0.0,0.0,0.0,0.0,0.0,0.0
GAAGCG,0.0,0.0,1.0,0.0,0.0,0.0,0.0,0.0,0.0,0.0,0.0,0.0,0.0,0.0,0.0,0.0,0.0,0.0
GACGCT,0.0,0.0,1.0,0.0,1.0,0.0,0.0,0.0,0.0,0.0,0.0,0.0,0.0,0.0,0.0,0.0,0.0,0.0
GACTAT,0.0,0.0,1.0,0.0,0.0,0.0,0.0,0.0,0.0,0.0,0.0,0.0,0.0,0.0,0.0,0.0,0.0,1.0
GACTCC,0.0,0.0,1.0,1.0,2.0,0.0,2.0,1.0,1.0,1.0,0.0,0.0,0.0,0.0,0.0,0.0,0.0,1.0
GCAAAC,0.0,0.0,1.0,3.0,1.0,1.0,4.0,1.0,2.0,0.0,1.0,3.0,1.0,4.0,0.0,1.0,0.0,0.0
GCAACA,0.0,0.0,1.0,0.0,6.0,2.0,1.0,2.0,5.0,0.0,0.0,1.0,4.0,0.0,1.0,0.0,0.0,0.0
GCACAT,0.0,0.0,1.0,0.0,0.0,0.0,0.0,0.0,0.0,0.0,0.0,0.0,0.0,0.0,0.0,0.0,0.0,0.0
GGAANN,0.0,0.0,1.0,0.0,0.0,0.0,0.0,0.0,0.0,1.0,0.0,0.0,0.0,0.0,0.0,0.0,0.0,0.0
GGATAA,0.0,0.0,1.0,0.0,1.0,1.0,0.0,1.0,1.0,1.0,1.0,0.0,1.0,1.0,1.0,1.0,1.0,1.0
GGGAAT,0.0,0.0,1.0,0.0,0.0,1.0,0.0,0.0,0.0,0.0,0.0,0.0,0.0,0.0,0.0,0.0,0.0,0.0
GGGCCC,0.0,0.0,1.0,0.0,0.0,2.0,2.0,0.0,0.0,1.0,0.0,1.0,0.0,1.0,0.0,1.0,0.0,0.0
GGTAAT,0.0,0.0,1.0,0.0,0.0,0.0,0.0,0.0,0.0,0.0,0.0,0.0,0.0,0.0,0.0,0.0,0.0,0.0
GGTGGC,0.0,0.0,1.0,0.0,0.0,0.0,0.0,0.0,0.0,0.0,0.0,0.0,0.0,0.0,0.0,0.0,0.0,0.0
GGTTAA,0.0,0.0,1.0,0.0,0.0,0.0,0.0,0.0,0.0,0.0,0.0,0.0,0.0,0.0,0.0,0.0,0.0,0.0
GTACCT,0.0,0.0,1.0,0.0,1.0,0.0,0.0,1.0,0.0,1.0,0.0,0.0,0.0,0.0,0.0,0.0,1.0,0.0
GTCACG,0.0,0.0,1.0,0.0,0.0,0.0,0.0,0.0,0.0,0.0,0.0,0.0,0.0,0.0,1.0,0.0,0.0,0.0
GTCCCT,0.0,0.0,1.0,0.0,0.0,1.0,0.0,0.0,0.0,0.0,0.0,0.0,0.0,0.0,0.0,0.0,0.0,0.0
GTTCCA,0.0,0.0,1.0,0.0,0.0,0.0,0.0,0.0,0.0,0.0,1.0,0.0,0.0,1.0,0.0,1.0,0.0,0.0
TAACAT,0.0,0.0,1.0,0.0,1.0,0.0,0.0,0.0,0.0,0.0,0.0,0.0,1.0,1.0,0.0,0.0,0.0,0.0
TAGAAA,0.0,0.0,1.0,0.0,0.0,0.0,0.0,0.0,0.0,0.0,1.0,0.0,0.0,0.0,0.0,0.0,0.0,0.0
TAGACC,0.0,0.0,1.0,0.0,0.0,0.0,0.0,0.0,0.0,0.0,0.0,0.0,0.0,1.0,0.0,0.0,0.0,0.0
TCAAAA,0.0,0.0,1.0,0.0,0.0,2.0,0.0,0.0,0.0,0.0,0.0,0.0,0.0,0.0,0.0,0.0,0.0,0.0
TTACCA,0.0,0.0,1.0,1.0,0.0,1.0,0.0,0.0,0.0,1.0,0.0,0.0,1.0,0.0,0.0,2.0,1.0,0.0
GTCAAT,0.0,0.0,2.0,0.0,2.0,0.0,1.0,0.0,0.0,2.0,0.0,1.0,0.0,1.0,1.0,1.0,0.0,1.0
GTCACT,0.0,0.0,2.0,1.0,0.0,0.0,0.0,1.0,0.0,1.0,1.0,1.0,0.0,1.0,0.0,1.0,0.0,0.0
AACCGT,0.0,0.0,0.0,1.0,0.0,0.0,0.0,0.0,0.0,0.0,0.0,0.0,0.0,0.0,0.0,0.0,0.0,0.0
AGCAGG,0.0,0.0,0.0,1.0,0.0,0.0,0.0,0.0,0.0,0.0,0.0,0.0,0.0,0.0,0.0,0.0,0.0,0.0
AGCTTC,0.0,0.0,0.0,1.0,0.0,0.0,0.0,0.0,0.0,0.0,0.0,0.0,0.0,0.0,0.0,0.0,0.0,0.0
AGGCCC,0.0,0.0,0.0,1.0,2.0,1.0,1.0,0.0,0.0,0.0,0.0,0.0,0.0,0.0,0.0,1.0,1.0,2.0
CAAAAG,0.0,0.0,0.0,1.0,0.0,0.0,1.0,0.0,1.0,0.0,1.0,0.0,1.0,0.0,0.0,0.0,0.0,0.0
CAAACG,0.0,0.0,0.0,1.0,1.0,0.0,1.0,1.0,1.0,0.0,0.0,0.0,0.0,0.0,0.0,1.0,0.0,0.0
CAGCCC,0.0,0.0,0.0,1.0,0.0,0.0,0.0,0.0,0.0,0.0,0.0,0.0,0.0,0.0,0.0,0.0,0.0,0.0
CCAAAA,0.0,0.0,0.0,1.0,0.0,0.0,0.0,0.0,1.0,1.0,0.0,0.0,0.0,0.0,0.0,0.0,2.0,0.0
CTAACC,0.0,0.0,0.0,1.0,1.0,0.0,0.0,0.0,1.0,0.0,0.0,0.0,0.0,0.0,0.0,0.0,0.0,1.0
CTCCAA,0.0,0.0,0.0,1.0,0.0,0.0,0.0,0.0,0.0,0.0,0.0,0.0,0.0,0.0,0.0,0.0,0.0,0.0
GAACGT,0.0,0.0,0.0,1.0,0.0,0.0,0.0,0.0,0.0,0.0,0.0,0.0,0.0,0.0,0.0,0.0,0.0,0.0
GACATT,0.0,0.0,0.0,1.0,0.0,0.0,0.0,0.0,0.0,0.0,0.0,0.0,0.0,0.0,1.0,1.0,0.0,0.0
GACCTT,0.0,0.0,0.0,1.0,0.0,0.0,0.0,0.0,1.0,0.0,0.0,0.0,1.0,0.0,0.0,0.0,0.0,0.0
GGCCGT,0.0,0.0,0.0,1.0,0.0,0.0,0.0,0.0,0.0,0.0,0.0,0.0,0.0,0.0,0.0,0.0,0.0,0.0
GGCGCG,0.0,0.0,0.0,1.0,0.0,0.0,0.0,0.0,0.0,0.0,0.0,0.0,0.0,0.0,1.0,0.0,0.0,0.0
GNTCAA,0.0,0.0,0.0,1.0,0.0,0.0,0.0,0.0,0.0,0.0,0.0,0.0,0.0,0.0,0.0,0.0,0.0,0.0
GTAATC,0.0,0.0,0.0,1.0,0.0,0.0,0.0,0.0,0.0,0.0,0.0,0.0,0.0,0.0,0.0,0.0,0.0,0.0
GTCCGA,0.0,0.0,0.0,1.0,0.0,0.0,0.0,0.0,0.0,0.0,0.0,0.0,0.0,0.0,0.0,0.0,0.0,0.0
TACCGC,0.0,0.0,0.0,1.0,0.0,0.0,0.0,0.0,0.0,0.0,0.0,0.0,0.0,0.0,0.0,0.0,1.0,0.0
TATAAA,0.0,0.0,0.0,1.0,0.0,0.0,0.0,0.0,0.0,0.0,0.0,0.0,0.0,0.0,0.0,0.0,0.0,0.0
TCCCAA,0.0,0.0,0.0,1.0,0.0,0.0,0.0,0.0,0.0,0.0,0.0,1.0,0.0,0.0,0.0,0.0,1.0,0.0
TNCACC,0.0,0.0,0.0,1.0,0.0,0.0,0.0,0.0,0.0,0.0,0.0,0.0,0.0,0.0,0.0,0.0,0.0,0.0
TTACCC,0.0,0.0,0.0,1.0,0.0,0.0,0.0,0.0,0.0,0.0,0.0,0.0,0.0,0.0,0.0,1.0,0.0,1.0
CCAACA,0.0,0.0,0.0,2.0,0.0,0.0,0.0,0.0,0.0,0.0,0.0,0.0,0.0,0.0,0.0,1.0,0.0,0.0
GACTAC,0.0,0.0,0.0,2.0,0.0,0.0,1.0,0.0,2.0,0.0,0.0,0.0,0.0,0.0,1.0,0.0,0.0,1.0
GGATAC,0.0,0.0,0.0,2.0,1.0,0.0,0.0,0.0,1.0,1.0,1.0,0.0,1.0,0.0,0.0,0.0,0.0,0.0
AATACC,0.0,0.0,0.0,73.0,0.0,0.0,1.0,1.0,1.0,13.0,5.0,5.0,4.0,1.0,0.0,5.0,6.0,0.0
ACAAAT,0.0,0.0,0.0,0.0,1.0,0.0,0.0,0.0,0.0,0.0,0.0,0.0,0.0,0.0,0.0,0.0,0.0,0.0
ACACAT,0.0,0.0,0.0,0.0,1.0,0.0,0.0,0.0,0.0,0.0,0.0,0.0,0.0,0.0,0.0,0.0,0.0,0.0
ACCCCA,0.0,0.0,0.0,0.0,1.0,0.0,1.0,0.0,0.0,0.0,3.0,0.0,1.0,0.0,1.0,1.0,0.0,1.0
AGACTT,0.0,0.0,0.0,0.0,1.0,0.0,0.0,0.0,0.0,0.0,0.0,0.0,0.0,0.0,0.0,0.0,0.0,0.0
AGGATG,0.0,0.0,0.0,0.0,1.0,0.0,0.0,0.0,0.0,0.0,0.0,0.0,0.0,0.0,0.0,0.0,0.0,0.0
ATACCG,0.0,0.0,0.0,0.0,1.0,0.0,0.0,0.0,0.0,0.0,1.0,0.0,0.0,0.0,0.0,0.0,0.0,0.0
ATAGCA,0.0,0.0,0.0,0.0,1.0,0.0,0.0,0.0,0.0,0.0,0.0,0.0,0.0,0.0,0.0,0.0,0.0,0.0
ATGCAT,0.0,0.0,0.0,0.0,1.0,0.0,0.0,0.0,0.0,0.0,0.0,0.0,0.0,0.0,0.0,0.0,0.0,0.0
CAACGG,0.0,0.0,0.0,0.0,1.0,0.0,0.0,0.0,0.0,0.0,0.0,0.0,0.0,0.0,0.0,0.0,0.0,0.0
CACCAT,0.0,0.0,0.0,0.0,1.0,0.0,0.0,0.0,0.0,0.0,0.0,0.0,0.0,0.0,0.0,0.0,0.0,0.0
CAGACA,0.0,0.0,0.0,0.0,1.0,0.0,0.0,0.0,0.0,0.0,0.0,0.0,0.0,0.0,0.0,0.0,0.0,0.0
CAGCAC,0.0,0.0,0.0,0.0,1.0,0.0,0.0,0.0,0.0,0.0,1.0,0.0,0.0,0.0,0.0,0.0,0.0,0.0
CCACCA,0.0,0.0,0.0,0.0,1.0,0.0,0.0,1.0,0.0,0.0,1.0,0.0,0.0,0.0,0.0,1.0,0.0,0.0
CCACCC,0.0,0.0,0.0,0.0,1.0,0.0,0.0,0.0,0.0,0.0,0.0,0.0,0.0,0.0,0.0,0.0,0.0,0.0
CCCCAC,0.0,0.0,0.0,0.0,1.0,0.0,0.0,0.0,0.0,0.0,1.0,0.0,0.0,0.0,0.0,1.0,0.0,0.0
CGAAAG,0.0,0.0,0.0,0.0,1.0,0.0,0.0,0.0,1.0,0.0,0.0,0.0,0.0,0.0,0.0,0.0,0.0,0.0
CGCAAG,0.0,0.0,0.0,0.0,1.0,0.0,0.0,0.0,0.0,0.0,0.0,0.0,0.0,0.0,0.0,0.0,0.0,0.0
CGCCCG,0.0,0.0,0.0,0.0,1.0,0.0,0.0,0.0,0.0,0.0,0.0,0.0,0.0,0.0,0.0,0.0,0.0,0.0
CTAAAA,0.0,0.0,0.0,0.0,1.0,0.0,1.0,0.0,0.0,1.0,0.0,0.0,0.0,1.0,0.0,0.0,1.0,1.0
GAAGTA,0.0,0.0,0.0,0.0,1.0,0.0,0.0,0.0,0.0,0.0,2.0,0.0,0.0,0.0,0.0,0.0,0.0,0.0
GACAGG,0.0,0.0,0.0,0.0,1.0,0.0,0.0,0.0,0.0,0.0,0.0,0.0,0.0,0.0,0.0,0.0,0.0,0.0
GACGCG,0.0,0.0,0.0,0.0,1.0,0.0,0.0,0.0,0.0,0.0,0.0,0.0,0.0,0.0,1.0,0.0,0.0,0.0
GCCCAC,0.0,0.0,0.0,0.0,1.0,1.0,0.0,0.0,0.0,0.0,1.0,1.0,2.0,1.0,1.0,1.0,0.0,0.0
GCCCCG,0.0,0.0,0.0,0.0,1.0,0.0,0.0,0.0,0.0,0.0,0.0,0.0,0.0,0.0,0.0,0.0,0.0,0.0
GGAATG,0.0,0.0,0.0,0.0,1.0,0.0,0.0,0.0,0.0,0.0,0.0,0.0,0.0,0.0,0.0,0.0,0.0,0.0
GTAACG,0.0,0.0,0.0,0.0,1.0,0.0,0.0,0.0,0.0,0.0,0.0,0.0,0.0,0.0,0.0,0.0,0.0,0.0
TAAGCA,0.0,0.0,0.0,0.0,1.0,0.0,0.0,0.0,0.0,0.0,0.0,0.0,0.0,0.0,0.0,0.0,0.0,0.0
TACAAT,0.0,0.0,0.0,0.0,1.0,1.0,0.0,0.0,0.0,0.0,0.0,0.0,0.0,1.0,2.0,0.0,0.0,0.0
TACATA,0.0,0.0,0.0,0.0,1.0,0.0,0.0,0.0,0.0,0.0,0.0,0.0,0.0,0.0,0.0,0.0,0.0,0.0
TACGAA,0.0,0.0,0.0,0.0,1.0,0.0,0.0,0.0,0.0,0.0,0.0,0.0,0.0,0.0,0.0,0.0,0.0,0.0
TAGGAA,0.0,0.0,0.0,0.0,1.0,0.0,0.0,0.0,0.0,0.0,0.0,0.0,0.0,0.0,0.0,0.0,0.0,0.0
TGGAAA,0.0,0.0,0.0,0.0,1.0,1.0,0.0,0.0,0.0,0.0,0.0,0.0,0.0,0.0,0.0,0.0,0.0,0.0
TGTACA,0.0,0.0,0.0,0.0,1.0,0.0,0.0,0.0,0.0,0.0,0.0,0.0,0.0,0.0,0.0,0.0,0.0,0.0
TTCACC,0.0,0.0,0.0,0.0,1.0,0.0,2.0,0.0,1.0,0.0,0.0,0.0,0.0,0.0,0.0,0.0,0.0,0.0
TTCCAC,0.0,0.0,0.0,0.0,2.0,0.0,0.0,1.0,0.0,0.0,1.0,0.0,0.0,0.0,0.0,0.0,0.0,1.0
TTCCCC,0.0,0.0,0.0,0.0,2.0,1.0,0.0,0.0,0.0,0.0,0.0,0.0,0.0,0.0,0.0,0.0,0.0,1.0
AAAGGC,0.0,0.0,0.0,0.0,3.0,0.0,0.0,0.0,0.0,0.0,0.0,0.0,0.0,0.0,1.0,0.0,0.0,0.0
AACNCA,0.0,0.0,0.0,0.0,0.0,1.0,0.0,0.0,0.0,0.0,0.0,0.0,0.0,0.0,0.0,0.0,0.0,0.0
ACGCAC,0.0,0.0,0.0,0.0,0.0,1.0,0.0,0.0,0.0,0.0,0.0,0.0,0.0,0.0,0.0,0.0,0.0,0.0
AGGACT,0.0,0.0,0.0,0.0,0.0,1.0,0.0,0.0,0.0,0.0,0.0,0.0,0.0,0.0,0.0,0.0,0.0,0.0
GAANCA,0.0,0.0,0.0,0.0,0.0,1.0,0.0,0.0,0.0,0.0,0.0,0.0,0.0,0.0,0.0,0.0,0.0,0.0
GACNCA,0.0,0.0,0.0,0.0,0.0,1.0,0.0,0.0,0.0,0.0,0.0,0.0,0.0,0.0,0.0,0.0,0.0,0.0
GAGACG,0.0,0.0,0.0,0.0,0.0,1.0,0.0,0.0,0.0,0.0,0.0,0.0,0.0,0.0,0.0,0.0,0.0,0.0
GATAGC,0.0,0.0,0.0,0.0,0.0,1.0,0.0,0.0,0.0,0.0,0.0,0.0,0.0,0.0,1.0,0.0,0.0,0.0
GGATCT,0.0,0.0,0.0,0.0,0.0,1.0,0.0,0.0,0.0,0.0,0.0,1.0,0.0,0.0,0.0,0.0,0.0,0.0
GGCGCT,0.0,0.0,0.0,0.0,0.0,1.0,0.0,0.0,0.0,0.0,0.0,0.0,0.0,0.0,0.0,0.0,0.0,0.0
GGCGTA,0.0,0.0,0.0,0.0,0.0,1.0,0.0,0.0,0.0,0.0,0.0,0.0,0.0,0.0,0.0,0.0,0.0,0.0
GGCNAC,0.0,0.0,0.0,0.0,0.0,1.0,0.0,0.0,0.0,0.0,0.0,0.0,0.0,0.0,0.0,0.0,0.0,0.0
GNNNAA,0.0,0.0,0.0,0.0,0.0,1.0,0.0,0.0,0.0,0.0,0.0,0.0,0.0,0.0,0.0,0.0,0.0,0.0
GTGCAA,0.0,0.0,0.0,0.0,0.0,1.0,0.0,0.0,0.0,0.0,0.0,0.0,0.0,0.0,1.0,0.0,0.0,0.0
NAANCA,0.0,0.0,0.0,0.0,0.0,1.0,0.0,0.0,0.0,0.0,0.0,0.0,0.0,0.0,0.0,0.0,0.0,0.0
TACATC,0.0,0.0,0.0,0.0,0.0,1.0,0.0,0.0,0.0,0.0,0.0,0.0,0.0,0.0,0.0,0.0,0.0,0.0
TCCACA,0.0,0.0,0.0,0.0,0.0,1.0,0.0,0.0,0.0,0.0,0.0,0.0,0.0,0.0,0.0,0.0,0.0,0.0
TCCACC,0.0,0.0,0.0,0.0,0.0,1.0,0.0,0.0,0.0,0.0,0.0,0.0,0.0,0.0,0.0,0.0,0.0,0.0
TCGCAT,0.0,0.0,0.0,0.0,0.0,1.0,0.0,0.0,0.0,0.0,0.0,0.0,0.0,0.0,0.0,0.0,0.0,0.0
TGACCT,0.0,0.0,0.0,0.0,0.0,1.0,0.0,0.0,0.0,0.0,0.0,0.0,1.0,1.0,0.0,0.0,0.0,0.0
TGCCAT,0.0,0.0,0.0,0.0,0.0,1.0,0.0,0.0,1.0,0.0,0.0,0.0,0.0,1.0,0.0,0.0,0.0,0.0
TGCCTA,0.0,0.0,0.0,0.0,0.0,1.0,0.0,0.0,0.0,0.0,0.0,0.0,0.0,0.0,0.0,0.0,0.0,0.0
GCCCCC,0.0,0.0,0.0,0.0,0.0,2.0,0.0,1.0,0.0,0.0,0.0,0.0,0.0,0.0,0.0,0.0,0.0,2.0
GGCNCA,0.0,0.0,0.0,0.0,0.0,2.0,0.0,0.0,0.0,0.0,0.0,0.0,0.0,1.0,0.0,0.0,0.0,0.0
GTACAT,0.0,0.0,0.0,0.0,0.0,2.0,1.0,0.0,1.0,0.0,0.0,0.0,0.0,0.0,0.0,1.0,1.0,0.0
NGANCN,0.0,0.0,0.0,0.0,0.0,2.0,0.0,0.0,0.0,0.0,0.0,0.0,0.0,0.0,0.0,0.0,0.0,0.0
AAATCT,0.0,0.0,0.0,0.0,0.0,0.0,1.0,0.0,0.0,0.0,0.0,0.0,0.0,0.0,0.0,0.0,0.0,0.0
AGACNN,0.0,0.0,0.0,0.0,0.0,0.0,1.0,0.0,0.0,0.0,0.0,0.0,0.0,0.0,0.0,0.0,0.0,0.0
AGCCGG,0.0,0.0,0.0,0.0,0.0,0.0,1.0,1.0,0.0,0.0,0.0,0.0,0.0,0.0,0.0,0.0,0.0,0.0
AGCCTG,0.0,0.0,0.0,0.0,0.0,0.0,1.0,0.0,0.0,0.0,0.0,0.0,0.0,0.0,0.0,0.0,0.0,0.0
AGGCCT,0.0,0.0,0.0,0.0,0.0,0.0,1.0,0.0,0.0,0.0,0.0,0.0,0.0,0.0,0.0,0.0,0.0,0.0
ANCACT,0.0,0.0,0.0,0.0,0.0,0.0,1.0,0.0,0.0,0.0,0.0,0.0,0.0,0.0,0.0,0.0,0.0,0.0
ATCCCT,0.0,0.0,0.0,0.0,0.0,0.0,1.0,0.0,0.0,0.0,0.0,0.0,1.0,0.0,1.0,0.0,0.0,0.0
CAACAG,0.0,0.0,0.0,0.0,0.0,0.0,1.0,0.0,0.0,0.0,0.0,0.0,0.0,0.0,0.0,1.0,0.0,0.0
CGATCG,0.0,0.0,0.0,0.0,0.0,0.0,1.0,0.0,0.0,0.0,0.0,0.0,0.0,0.0,0.0,0.0,0.0,0.0
CGCATC,0.0,0.0,0.0,0.0,0.0,0.0,1.0,0.0,0.0,0.0,0.0,0.0,0.0,0.0,0.0,0.0,0.0,0.0
CTAACA,0.0,0.0,0.0,0.0,0.0,0.0,1.0,0.0,0.0,0.0,0.0,0.0,0.0,0.0,0.0,0.0,0.0,0.0
GACGAG,0.0,0.0,0.0,0.0,0.0,0.0,1.0,0.0,0.0,0.0,0.0,0.0,0.0,0.0,0.0,0.0,0.0,0.0
GGCGGG,0.0,0.0,0.0,0.0,0.0,0.0,1.0,0.0,0.0,0.0,0.0,0.0,0.0,0.0,0.0,0.0,0.0,0.0
GGTGCA,0.0,0.0,0.0,0.0,0.0,0.0,1.0,0.0,0.0,0.0,1.0,0.0,2.0,1.0,1.0,2.0,0.0,2.0
GTCATC,0.0,0.0,0.0,0.0,0.0,0.0,1.0,0.0,0.0,0.0,0.0,0.0,0.0,0.0,0.0,0.0,0.0,0.0
TAACCT,0.0,0.0,0.0,0.0,0.0,0.0,1.0,0.0,0.0,0.0,0.0,1.0,0.0,0.0,0.0,0.0,1.0,0.0
TACACT,0.0,0.0,0.0,0.0,0.0,0.0,1.0,0.0,0.0,0.0,0.0,0.0,1.0,0.0,0.0,0.0,0.0,0.0
TNACAA,0.0,0.0,0.0,0.0,0.0,0.0,1.0,0.0,0.0,0.0,0.0,0.0,0.0,0.0,0.0,0.0,0.0,0.0
ATACAG,0.0,0.0,0.0,0.0,0.0,0.0,0.0,1.0,0.0,0.0,0.0,0.0,0.0,0.0,0.0,0.0,0.0,0.0
ATACCT,0.0,0.0,0.0,0.0,0.0,0.0,0.0,1.0,0.0,0.0,0.0,0.0,0.0,0.0,0.0,0.0,0.0,1.0
CCACAC,0.0,0.0,0.0,0.0,0.0,0.0,0.0,1.0,0.0,0.0,0.0,0.0,0.0,0.0,0.0,0.0,0.0,0.0
GAACGG,0.0,0.0,0.0,0.0,0.0,0.0,0.0,1.0,0.0,0.0,0.0,0.0,0.0,0.0,0.0,0.0,0.0,0.0
GAAGAT,0.0,0.0,0.0,0.0,0.0,0.0,0.0,1.0,1.0,0.0,0.0,0.0,0.0,1.0,0.0,0.0,0.0,0.0
GAGTAG,0.0,0.0,0.0,0.0,0.0,0.0,0.0,1.0,0.0,0.0,0.0,0.0,0.0,0.0,0.0,0.0,0.0,0.0
GGCAGT,0.0,0.0,0.0,0.0,0.0,0.0,0.0,1.0,0.0,0.0,0.0,0.0,0.0,0.0,0.0,0.0,0.0,0.0
GGCATT,0.0,0.0,0.0,0.0,0.0,0.0,0.0,1.0,0.0,0.0,0.0,0.0,0.0,0.0,1.0,0.0,0.0,1.0
GGGGCA,0.0,0.0,0.0,0.0,0.0,0.0,0.0,1.0,0.0,0.0,0.0,0.0,0.0,0.0,0.0,0.0,0.0,0.0
GTTACA,0.0,0.0,0.0,0.0,0.0,0.0,0.0,1.0,0.0,0.0,0.0,0.0,0.0,0.0,0.0,0.0,0.0,0.0
TAAAGA,0.0,0.0,0.0,0.0,0.0,0.0,0.0,1.0,0.0,0.0,0.0,0.0,0.0,0.0,0.0,0.0,0.0,0.0
TACGCA,0.0,0.0,0.0,0.0,0.0,0.0,0.0,1.0,0.0,0.0,0.0,0.0,0.0,0.0,0.0,0.0,0.0,0.0
TGAGAT,0.0,0.0,0.0,0.0,0.0,0.0,0.0,1.0,0.0,0.0,0.0,0.0,0.0,0.0,0.0,0.0,0.0,0.0
TGCAAT,0.0,0.0,0.0,0.0,0.0,0.0,0.0,1.0,0.0,0.0,1.0,0.0,1.0,0.0,2.0,1.0,0.0,3.0
AACGGA,0.0,0.0,0.0,0.0,0.0,0.0,0.0,0.0,1.0,0.0,0.0,0.0,0.0,0.0,0.0,0.0,0.0,0.0
AAGCCC,0.0,0.0,0.0,0.0,0.0,0.0,0.0,0.0,1.0,0.0,0.0,1.0,0.0,0.0,1.0,0.0,0.0,2.0
AATAAT,0.0,0.0,0.0,0.0,0.0,0.0,0.0,0.0,1.0,0.0,0.0,0.0,0.0,0.0,0.0,0.0,0.0,0.0
AGCGTA,0.0,0.0,0.0,0.0,0.0,0.0,0.0,0.0,1.0,0.0,0.0,0.0,0.0,0.0,0.0,0.0,0.0,0.0
AGGGCA,0.0,0.0,0.0,0.0,0.0,0.0,0.0,0.0,1.0,0.0,0.0,0.0,0.0,0.0,0.0,0.0,0.0,0.0
CGCGAA,0.0,0.0,0.0,0.0,0.0,0.0,0.0,0.0,1.0,0.0,0.0,0.0,0.0,0.0,0.0,0.0,0.0,0.0
CGGCGA,0.0,0.0,0.0,0.0,0.0,0.0,0.0,0.0,1.0,0.0,0.0,0.0,0.0,0.0,0.0,0.0,0.0,0.0
CTAAAC,0.0,0.0,0.0,0.0,0.0,0.0,0.0,0.0,1.0,0.0,0.0,0.0,0.0,0.0,0.0,0.0,0.0,1.0
GAGAAG,0.0,0.0,0.0,0.0,0.0,0.0,0.0,0.0,1.0,0.0,0.0,0.0,0.0,0.0,0.0,0.0,0.0,0.0
GAGAAT,0.0,0.0,0.0,0.0,0.0,0.0,0.0,0.0,1.0,0.0,0.0,0.0,0.0,0.0,0.0,0.0,0.0,0.0
GTAATA,0.0,0.0,0.0,0.0,0.0,0.0,0.0,0.0,1.0,0.0,0.0,0.0,0.0,0.0,1.0,0.0,0.0,0.0
GTATAC,0.0,0.0,0.0,0.0,0.0,0.0,0.0,0.0,1.0,0.0,0.0,0.0,0.0,0.0,0.0,0.0,0.0,0.0
TCCCAC,0.0,0.0,0.0,0.0,0.0,0.0,0.0,0.0,1.0,0.0,0.0,0.0,0.0,0.0,0.0,0.0,0.0,0.0
TGCAAN,0.0,0.0,0.0,0.0,0.0,0.0,0.0,0.0,1.0,0.0,0.0,0.0,0.0,0.0,0.0,0.0,0.0,1.0
TGTAAA,0.0,0.0,0.0,0.0,0.0,0.0,0.0,0.0,1.0,0.0,0.0,0.0,0.0,0.0,0.0,0.0,0.0,0.0
AAAATT,0.0,0.0,0.0,0.0,0.0,0.0,0.0,0.0,0.0,1.0,0.0,0.0,0.0,0.0,0.0,0.0,0.0,0.0
AAACNN,0.0,0.0,0.0,0.0,0.0,0.0,0.0,0.0,0.0,1.0,0.0,0.0,0.0,0.0,0.0,0.0,0.0,0.0
AATCCT,0.0,0.0,0.0,0.0,0.0,0.0,0.0,0.0,0.0,1.0,1.0,1.0,0.0,0.0,0.0,1.0,0.0,0.0
AATCGA,0.0,0.0,0.0,0.0,0.0,0.0,0.0,0.0,0.0,1.0,0.0,0.0,0.0,0.0,0.0,0.0,0.0,0.0
ACAAAG,0.0,0.0,0.0,0.0,0.0,0.0,0.0,0.0,0.0,1.0,0.0,0.0,0.0,0.0,0.0,0.0,0.0,0.0
ACTACA,0.0,0.0,0.0,0.0,0.0,0.0,0.0,0.0,0.0,1.0,0.0,0.0,0.0,0.0,0.0,0.0,0.0,0.0
AGATCT,0.0,0.0,0.0,0.0,0.0,0.0,0.0,0.0,0.0,1.0,0.0,0.0,0.0,0.0,0.0,0.0,0.0,0.0
ATCATA,0.0,0.0,0.0,0.0,0.0,0.0,0.0,0.0,0.0,1.0,0.0,0.0,0.0,0.0,0.0,0.0,0.0,0.0
CAATCA,0.0,0.0,0.0,0.0,0.0,0.0,0.0,0.0,0.0,1.0,0.0,0.0,0.0,0.0,0.0,0.0,0.0,0.0
CCCCCA,0.0,0.0,0.0,0.0,0.0,0.0,0.0,0.0,0.0,1.0,1.0,0.0,0.0,0.0,0.0,0.0,0.0,0.0
CGACAT,0.0,0.0,0.0,0.0,0.0,0.0,0.0,0.0,0.0,1.0,0.0,0.0,0.0,0.0,0.0,0.0,0.0,0.0
CTACAC,0.0,0.0,0.0,0.0,0.0,0.0,0.0,0.0,0.0,1.0,0.0,0.0,0.0,0.0,0.0,0.0,0.0,0.0
CTACCA,0.0,0.0,0.0,0.0,0.0,0.0,0.0,0.0,0.0,1.0,0.0,1.0,0.0,0.0,0.0,0.0,0.0,0.0
CTACCC,0.0,0.0,0.0,0.0,0.0,0.0,0.0,0.0,0.0,1.0,0.0,0.0,0.0,0.0,0.0,0.0,0.0,0.0
GAAAGT,0.0,0.0,0.0,0.0,0.0,0.0,0.0,0.0,0.0,1.0,0.0,0.0,1.0,0.0,0.0,0.0,0.0,0.0
GATACG,0.0,0.0,0.0,0.0,0.0,0.0,0.0,0.0,0.0,1.0,0.0,0.0,0.0,0.0,0.0,0.0,0.0,0.0
GGAGAT,0.0,0.0,0.0,0.0,0.0,0.0,0.0,0.0,0.0,1.0,0.0,0.0,0.0,0.0,0.0,0.0,0.0,0.0
GTCTCA,0.0,0.0,0.0,0.0,0.0,0.0,0.0,0.0,0.0,1.0,0.0,0.0,0.0,0.0,0.0,0.0,0.0,0.0
TGTCCA,0.0,0.0,0.0,0.0,0.0,0.0,0.0,0.0,0.0,1.0,0.0,0.0,0.0,1.0,1.0,0.0,0.0,0.0
AAGCGA,0.0,0.0,0.0,0.0,0.0,0.0,0.0,0.0,0.0,0.0,1.0,0.0,0.0,0.0,0.0,0.0,0.0,0.0
AATCCG,0.0,0.0,0.0,0.0,0.0,0.0,0.0,0.0,0.0,0.0,1.0,0.0,0.0,0.0,0.0,0.0,0.0,1.0
AATGAC,0.0,0.0,0.0,0.0,0.0,0.0,0.0,0.0,0.0,0.0,1.0,0.0,0.0,0.0,0.0,0.0,0.0,0.0
ACAGAC,0.0,0.0,0.0,0.0,0.0,0.0,0.0,0.0,0.0,0.0,1.0,0.0,0.0,0.0,0.0,1.0,0.0,0.0
ATATAA,0.0,0.0,0.0,0.0,0.0,0.0,0.0,0.0,0.0,0.0,1.0,0.0,0.0,0.0,0.0,0.0,0.0,0.0
ATTACA,0.0,0.0,0.0,0.0,0.0,0.0,0.0,0.0,0.0,0.0,1.0,0.0,0.0,0.0,0.0,0.0,0.0,0.0
CGGCAC,0.0,0.0,0.0,0.0,0.0,0.0,0.0,0.0,0.0,0.0,1.0,0.0,0.0,0.0,0.0,0.0,0.0,0.0
GAACTG,0.0,0.0,0.0,0.0,0.0,0.0,0.0,0.0,0.0,0.0,1.0,0.0,0.0,0.0,0.0,0.0,0.0,0.0
GCAGAA,0.0,0.0,0.0,0.0,0.0,0.0,0.0,0.0,0.0,0.0,1.0,0.0,0.0,0.0,0.0,0.0,0.0,0.0
GGCTGA,0.0,0.0,0.0,0.0,0.0,0.0,0.0,0.0,0.0,0.0,1.0,0.0,0.0,0.0,0.0,0.0,0.0,0.0
TCACCA,0.0,0.0,0.0,0.0,0.0,0.0,0.0,0.0,0.0,0.0,1.0,0.0,0.0,0.0,0.0,0.0,0.0,0.0
TGCATA,0.0,0.0,0.0,0.0,0.0,0.0,0.0,0.0,0.0,0.0,1.0,0.0,0.0,1.0,0.0,0.0,0.0,0.0
TGCGAA,0.0,0.0,0.0,0.0,0.0,0.0,0.0,0.0,0.0,0.0,1.0,0.0,0.0,0.0,0.0,0.0,0.0,1.0
CACAAG,0.0,0.0,0.0,0.0,0.0,0.0,0.0,0.0,0.0,0.0,2.0,0.0,0.0,0.0,0.0,0.0,0.0,0.0
AATACT,0.0,0.0,0.0,0.0,0.0,0.0,0.0,0.0,0.0,0.0,0.0,1.0,0.0,0.0,0.0,1.0,0.0,0.0
AATCNA,0.0,0.0,0.0,0.0,0.0,0.0,0.0,0.0,0.0,0.0,0.0,1.0,0.0,0.0,0.0,0.0,0.0,0.0
AATCTA,0.0,0.0,0.0,0.0,0.0,0.0,0.0,0.0,0.0,0.0,0.0,1.0,0.0,0.0,0.0,0.0,0.0,0.0
ACACAG,0.0,0.0,0.0,0.0,0.0,0.0,0.0,0.0,0.0,0.0,0.0,1.0,0.0,0.0,0.0,1.0,0.0,0.0
AGCGCG,0.0,0.0,0.0,0.0,0.0,0.0,0.0,0.0,0.0,0.0,0.0,1.0,0.0,0.0,1.0,0.0,0.0,0.0
ATAANA,0.0,0.0,0.0,0.0,0.0,0.0,0.0,0.0,0.0,0.0,0.0,1.0,0.0,0.0,0.0,0.0,0.0,0.0
CAACGC,0.0,0.0,0.0,0.0,0.0,0.0,0.0,0.0,0.0,0.0,0.0,1.0,0.0,0.0,0.0,0.0,0.0,0.0
CACGCT,0.0,0.0,0.0,0.0,0.0,0.0,0.0,0.0,0.0,0.0,0.0,1.0,0.0,0.0,0.0,0.0,0.0,0.0
CATATA,0.0,0.0,0.0,0.0,0.0,0.0,0.0,0.0,0.0,0.0,0.0,1.0,0.0,0.0,0.0,0.0,0.0,0.0
CGACTA,0.0,0.0,0.0,0.0,0.0,0.0,0.0,0.0,0.0,0.0,0.0,1.0,0.0,0.0,0.0,0.0,0.0,0.0
CGATCT,0.0,0.0,0.0,0.0,0.0,0.0,0.0,0.0,0.0,0.0,0.0,1.0,0.0,0.0,0.0,0.0,0.0,0.0
GAATCT,0.0,0.0,0.0,0.0,0.0,0.0,0.0,0.0,0.0,0.0,0.0,1.0,0.0,0.0,0.0,0.0,0.0,0.0
GAGCGA,0.0,0.0,0.0,0.0,0.0,0.0,0.0,0.0,0.0,0.0,0.0,1.0,0.0,0.0,0.0,0.0,0.0,0.0
GCCAAT,0.0,0.0,0.0,0.0,0.0,0.0,0.0,0.0,0.0,0.0,0.0,1.0,0.0,0.0,0.0,0.0,0.0,0.0
GGCTCT,0.0,0.0,0.0,0.0,0.0,0.0,0.0,0.0,0.0,0.0,0.0,1.0,0.0,0.0,0.0,0.0,0.0,0.0
GGGAAG,0.0,0.0,0.0,0.0,0.0,0.0,0.0,0.0,0.0,0.0,0.0,1.0,1.0,0.0,0.0,0.0,0.0,0.0
GGTGAA,0.0,0.0,0.0,0.0,0.0,0.0,0.0,0.0,0.0,0.0,0.0,1.0,0.0,0.0,0.0,0.0,0.0,0.0
GTACTA,0.0,0.0,0.0,0.0,0.0,0.0,0.0,0.0,0.0,0.0,0.0,1.0,0.0,0.0,0.0,0.0,1.0,0.0
GTCCTA,0.0,0.0,0.0,0.0,0.0,0.0,0.0,0.0,0.0,0.0,0.0,1.0,0.0,0.0,0.0,0.0,0.0,0.0
TAAGAC,0.0,0.0,0.0,0.0,0.0,0.0,0.0,0.0,0.0,0.0,0.0,1.0,0.0,0.0,0.0,0.0,0.0,0.0
TCCAAA,0.0,0.0,0.0,0.0,0.0,0.0,0.0,0.0,0.0,0.0,0.0,1.0,0.0,0.0,1.0,1.0,0.0,0.0
TGAGAC,0.0,0.0,0.0,0.0,0.0,0.0,0.0,0.0,0.0,0.0,0.0,1.0,0.0,0.0,0.0,0.0,0.0,0.0
TGCCAG,0.0,0.0,0.0,0.0,0.0,0.0,0.0,0.0,0.0,0.0,0.0,1.0,0.0,0.0,0.0,0.0,0.0,0.0
TGGCAC,0.0,0.0,0.0,0.0,0.0,0.0,0.0,0.0,0.0,0.0,0.0,1.0,0.0,0.0,0.0,0.0,0.0,0.0
TTACCT,0.0,0.0,0.0,0.0,0.0,0.0,0.0,0.0,0.0,0.0,0.0,1.0,0.0,0.0,0.0,0.0,0.0,0.0
AAACGG,0.0,0.0,0.0,0.0,0.0,0.0,0.0,0.0,0.0,0.0,0.0,0.0,1.0,0.0,0.0,0.0,0.0,0.0
AACATT,0.0,0.0,0.0,0.0,0.0,0.0,0.0,0.0,0.0,0.0,0.0,0.0,1.0,0.0,0.0,0.0,0.0,0.0
AGAGAT,0.0,0.0,0.0,0.0,0.0,0.0,0.0,0.0,0.0,0.0,0.0,0.0,1.0,0.0,0.0,0.0,0.0,0.0
AGCNAA,0.0,0.0,0.0,0.0,0.0,0.0,0.0,0.0,0.0,0.0,0.0,0.0,1.0,1.0,1.0,0.0,0.0,0.0
AGCNAC,0.0,0.0,0.0,0.0,0.0,0.0,0.0,0.0,0.0,0.0,0.0,0.0,1.0,0.0,0.0,0.0,0.0,0.0
ATGACA,0.0,0.0,0.0,0.0,0.0,0.0,0.0,0.0,0.0,0.0,0.0,0.0,1.0,0.0,0.0,0.0,0.0,0.0
CAGCAT,0.0,0.0,0.0,0.0,0.0,0.0,0.0,0.0,0.0,0.0,0.0,0.0,1.0,0.0,0.0,0.0,0.0,0.0
CGAGCA,0.0,0.0,0.0,0.0,0.0,0.0,0.0,0.0,0.0,0.0,0.0,0.0,1.0,0.0,0.0,0.0,0.0,0.0
GAANAC,0.0,0.0,0.0,0.0,0.0,0.0,0.0,0.0,0.0,0.0,0.0,0.0,1.0,0.0,0.0,0.0,0.0,0.0
GGAGCG,0.0,0.0,0.0,0.0,0.0,0.0,0.0,0.0,0.0,0.0,0.0,0.0,1.0,0.0,0.0,0.0,0.0,0.0
GGANAC,0.0,0.0,0.0,0.0,0.0,0.0,0.0,0.0,0.0,0.0,0.0,0.0,1.0,0.0,1.0,0.0,0.0,0.0
GGANCC,0.0,0.0,0.0,0.0,0.0,0.0,0.0,0.0,0.0,0.0,0.0,0.0,1.0,0.0,0.0,0.0,0.0,0.0
GGTCAT,0.0,0.0,0.0,0.0,0.0,0.0,0.0,0.0,0.0,0.0,0.0,0.0,1.0,0.0,0.0,0.0,0.0,0.0
GGTCTA,0.0,0.0,0.0,0.0,0.0,0.0,0.0,0.0,0.0,0.0,0.0,0.0,1.0,0.0,0.0,0.0,0.0,0.0
GNCNAA,0.0,0.0,0.0,0.0,0.0,0.0,0.0,0.0,0.0,0.0,0.0,0.0,1.0,0.0,1.0,0.0,0.0,0.0
NGCNAN,0.0,0.0,0.0,0.0,0.0,0.0,0.0,0.0,0.0,0.0,0.0,0.0,1.0,1.0,0.0,0.0,0.0,0.0
TAAAGC,0.0,0.0,0.0,0.0,0.0,0.0,0.0,0.0,0.0,0.0,0.0,0.0,1.0,1.0,0.0,0.0,0.0,0.0
TAAAGT,0.0,0.0,0.0,0.0,0.0,0.0,0.0,0.0,0.0,0.0,0.0,0.0,1.0,0.0,0.0,0.0,0.0,0.0
TGACAG,0.0,0.0,0.0,0.0,0.0,0.0,0.0,0.0,0.0,0.0,0.0,0.0,1.0,0.0,0.0,1.0,0.0,0.0
TGACTC,0.0,0.0,0.0,0.0,0.0,0.0,0.0,0.0,0.0,0.0,0.0,0.0,1.0,0.0,0.0,0.0,1.0,0.0
TTTAAC,0.0,0.0,0.0,0.0,0.0,0.0,0.0,0.0,0.0,0.0,0.0,0.0,1.0,0.0,0.0,0.0,0.0,0.0
TGAACT,0.0,0.0,0.0,0.0,0.0,0.0,0.0,0.0,0.0,0.0,0.0,0.0,2.0,1.0,0.0,0.0,0.0,0.0
TGAGCA,0.0,0.0,0.0,0.0,0.0,0.0,0.0,0.0,0.0,0.0,0.0,0.0,2.0,0.0,1.0,1.0,0.0,1.0
AAAAGT,0.0,0.0,0.0,0.0,0.0,0.0,0.0,0.0,0.0,0.0,0.0,0.0,0.0,1.0,0.0,0.0,0.0,0.0
AACGCT,0.0,0.0,0.0,0.0,0.0,0.0,0.0,0.0,0.0,0.0,0.0,0.0,0.0,1.0,0.0,0.0,0.0,0.0
ACAACT,0.0,0.0,0.0,0.0,0.0,0.0,0.0,0.0,0.0,0.0,0.0,0.0,0.0,1.0,0.0,0.0,0.0,0.0
AGGGCT,0.0,0.0,0.0,0.0,0.0,0.0,0.0,0.0,0.0,0.0,0.0,0.0,0.0,1.0,0.0,0.0,0.0,0.0
ANANAC,0.0,0.0,0.0,0.0,0.0,0.0,0.0,0.0,0.0,0.0,0.0,0.0,0.0,1.0,0.0,0.0,0.0,0.0
ATAAAG,0.0,0.0,0.0,0.0,0.0,0.0,0.0,0.0,0.0,0.0,0.0,0.0,0.0,1.0,0.0,0.0,0.0,0.0
ATAGCC,0.0,0.0,0.0,0.0,0.0,0.0,0.0,0.0,0.0,0.0,0.0,0.0,0.0,1.0,0.0,0.0,0.0,0.0
CATCAT,0.0,0.0,0.0,0.0,0.0,0.0,0.0,0.0,0.0,0.0,0.0,0.0,0.0,1.0,0.0,0.0,0.0,0.0
CGGCCC,0.0,0.0,0.0,0.0,0.0,0.0,0.0,0.0,0.0,0.0,0.0,0.0,0.0,1.0,0.0,0.0,0.0,0.0
CGTCCA,0.0,0.0,0.0,0.0,0.0,0.0,0.0,0.0,0.0,0.0,0.0,0.0,0.0,1.0,0.0,0.0,1.0,0.0
GGAGTT,0.0,0.0,0.0,0.0,0.0,0.0,0.0,0.0,0.0,0.0,0.0,0.0,0.0,1.0,0.0,0.0,0.0,0.0
GGCNAA,0.0,0.0,0.0,0.0,0.0,0.0,0.0,0.0,0.0,0.0,0.0,0.0,0.0,1.0,0.0,0.0,0.0,0.0
GTAGCC,0.0,0.0,0.0,0.0,0.0,0.0,0.0,0.0,0.0,0.0,0.0,0.0,0.0,1.0,0.0,0.0,0.0,0.0
NACNCN,0.0,0.0,0.0,0.0,0.0,0.0,0.0,0.0,0.0,0.0,0.0,0.0,0.0,1.0,0.0,0.0,0.0,0.0
TAAGAT,0.0,0.0,0.0,0.0,0.0,0.0,0.0,0.0,0.0,0.0,0.0,0.0,0.0,1.0,0.0,0.0,0.0,0.0
TACAAG,0.0,0.0,0.0,0.0,0.0,0.0,0.0,0.0,0.0,0.0,0.0,0.0,0.0,1.0,0.0,0.0,0.0,0.0
TATAAC,0.0,0.0,0.0,0.0,0.0,0.0,0.0,0.0,0.0,0.0,0.0,0.0,0.0,1.0,0.0,0.0,0.0,0.0
TCACAA,0.0,0.0,0.0,0.0,0.0,0.0,0.0,0.0,0.0,0.0,0.0,0.0,0.0,1.0,0.0,0.0,0.0,0.0
TCAGCA,0.0,0.0,0.0,0.0,0.0,0.0,0.0,0.0,0.0,0.0,0.0,0.0,0.0,1.0,0.0,0.0,0.0,0.0
GNANAA,0.0,0.0,0.0,0.0,0.0,0.0,0.0,0.0,0.0,0.0,0.0,0.0,0.0,2.0,0.0,0.0,0.0,0.0
AGAGCT,0.0,0.0,0.0,0.0,0.0,0.0,0.0,0.0,0.0,0.0,0.0,0.0,0.0,0.0,1.0,0.0,0.0,0.0
AGANAA,0.0,0.0,0.0,0.0,0.0,0.0,0.0,0.0,0.0,0.0,0.0,0.0,0.0,0.0,1.0,0.0,0.0,0.0
AGCNCC,0.0,0.0,0.0,0.0,0.0,0.0,0.0,0.0,0.0,0.0,0.0,0.0,0.0,0.0,1.0,0.0,0.0,0.0
AGCNTA,0.0,0.0,0.0,0.0,0.0,0.0,0.0,0.0,0.0,0.0,0.0,0.0,0.0,0.0,1.0,0.0,0.0,0.0
CACGCA,0.0,0.0,0.0,0.0,0.0,0.0,0.0,0.0,0.0,0.0,0.0,0.0,0.0,0.0,1.0,0.0,0.0,0.0
CTGCCG,0.0,0.0,0.0,0.0,0.0,0.0,0.0,0.0,0.0,0.0,0.0,0.0,0.0,0.0,1.0,0.0,0.0,0.0
GACNCC,0.0,0.0,0.0,0.0,0.0,0.0,0.0,0.0,0.0,0.0,0.0,0.0,0.0,0.0,1.0,0.0,0.0,0.0
GGANAA,0.0,0.0,0.0,0.0,0.0,0.0,0.0,0.0,0.0,0.0,0.0,0.0,0.0,0.0,1.0,0.0,0.0,0.0
GGGAGC,0.0,0.0,0.0,0.0,0.0,0.0,0.0,0.0,0.0,0.0,0.0,0.0,0.0,0.0,1.0,0.0,0.0,0.0
GGTCGA,0.0,0.0,0.0,0.0,0.0,0.0,0.0,0.0,0.0,0.0,0.0,0.0,0.0,0.0,1.0,0.0,0.0,0.0
GNCNCA,0.0,0.0,0.0,0.0,0.0,0.0,0.0,0.0,0.0,0.0,0.0,0.0,0.0,0.0,1.0,0.0,0.0,0.0
GTGCAC,0.0,0.0,0.0,0.0,0.0,0.0,0.0,0.0,0.0,0.0,0.0,0.0,0.0,0.0,1.0,0.0,0.0,0.0
NAANAN,0.0,0.0,0.0,0.0,0.0,0.0,0.0,0.0,0.0,0.0,0.0,0.0,0.0,0.0,1.0,0.0,0.0,0.0
NNCNCA,0.0,0.0,0.0,0.0,0.0,0.0,0.0,0.0,0.0,0.0,0.0,0.0,0.0,0.0,1.0,0.0,0.0,0.0
TAAACT,0.0,0.0,0.0,0.0,0.0,0.0,0.0,0.0,0.0,0.0,0.0,0.0,0.0,0.0,1.0,0.0,0.0,0.0
TACCTC,0.0,0.0,0.0,0.0,0.0,0.0,0.0,0.0,0.0,0.0,0.0,0.0,0.0,0.0,1.0,0.0,0.0,0.0
TACGAT,0.0,0.0,0.0,0.0,0.0,0.0,0.0,0.0,0.0,0.0,0.0,0.0,0.0,0.0,1.0,0.0,0.0,0.0
TGAAAG,0.0,0.0,0.0,0.0,0.0,0.0,0.0,0.0,0.0,0.0,0.0,0.0,0.0,0.0,1.0,0.0,0.0,0.0
TGCAGA,0.0,0.0,0.0,0.0,0.0,0.0,0.0,0.0,0.0,0.0,0.0,0.0,0.0,0.0,1.0,0.0,0.0,0.0
TGCCCT,0.0,0.0,0.0,0.0,0.0,0.0,0.0,0.0,0.0,0.0,0.0,0.0,0.0,0.0,1.0,0.0,0.0,0.0
TGGACT,0.0,0.0,0.0,0.0,0.0,0.0,0.0,0.0,0.0,0.0,0.0,0.0,0.0,0.0,1.0,0.0,0.0,0.0
TGTAAC,0.0,0.0,0.0,0.0,0.0,0.0,0.0,0.0,0.0,0.0,0.0,0.0,0.0,0.0,1.0,0.0,0.0,0.0
TTAACT,0.0,0.0,0.0,0.0,0.0,0.0,0.0,0.0,0.0,0.0,0.0,0.0,0.0,0.0,1.0,0.0,0.0,0.0
TTCATA,0.0,0.0,0.0,0.0,0.0,0.0,0.0,0.0,0.0,0.0,0.0,0.0,0.0,0.0,1.0,0.0,0.0,0.0
TTCATC,0.0,0.0,0.0,0.0,0.0,0.0,0.0,0.0,0.0,0.0,0.0,0.0,0.0,0.0,1.0,0.0,0.0,0.0
TTTCCA,0.0,0.0,0.0,0.0,0.0,0.0,0.0,0.0,0.0,0.0,0.0,0.0,0.0,0.0,1.0,0.0,0.0,0.0
GGCCTG,0.0,0.0,0.0,0.0,0.0,0.0,0.0,0.0,0.0,0.0,0.0,0.0,0.0,0.0,2.0,0.0,0.0,0.0
AACGGC,0.0,0.0,0.0,0.0,0.0,0.0,0.0,0.0,0.0,0.0,0.0,0.0,0.0,0.0,0.0,1.0,0.0,1.0
AATACG,0.0,0.0,0.0,0.0,0.0,0.0,0.0,0.0,0.0,0.0,0.0,0.0,0.0,0.0,0.0,1.0,0.0,0.0
ATTACC,0.0,0.0,0.0,0.0,0.0,0.0,0.0,0.0,0.0,0.0,0.0,0.0,0.0,0.0,0.0,1.0,0.0,0.0
ATTTCA,0.0,0.0,0.0,0.0,0.0,0.0,0.0,0.0,0.0,0.0,0.0,0.0,0.0,0.0,0.0,1.0,0.0,0.0
CAACGA,0.0,0.0,0.0,0.0,0.0,0.0,0.0,0.0,0.0,0.0,0.0,0.0,0.0,0.0,0.0,1.0,0.0,0.0
CAAGCT,0.0,0.0,0.0,0.0,0.0,0.0,0.0,0.0,0.0,0.0,0.0,0.0,0.0,0.0,0.0,1.0,0.0,0.0
CACCCT,0.0,0.0,0.0,0.0,0.0,0.0,0.0,0.0,0.0,0.0,0.0,0.0,0.0,0.0,0.0,1.0,0.0,0.0
CCACCG,0.0,0.0,0.0,0.0,0.0,0.0,0.0,0.0,0.0,0.0,0.0,0.0,0.0,0.0,0.0,1.0,0.0,0.0
CCGAAA,0.0,0.0,0.0,0.0,0.0,0.0,0.0,0.0,0.0,0.0,0.0,0.0,0.0,0.0,0.0,1.0,0.0,0.0
CGGACC,0.0,0.0,0.0,0.0,0.0,0.0,0.0,0.0,0.0,0.0,0.0,0.0,0.0,0.0,0.0,1.0,0.0,0.0
GAAATG,0.0,0.0,0.0,0.0,0.0,0.0,0.0,0.0,0.0,0.0,0.0,0.0,0.0,0.0,0.0,1.0,0.0,0.0
GGAAGG,0.0,0.0,0.0,0.0,0.0,0.0,0.0,0.0,0.0,0.0,0.0,0.0,0.0,0.0,0.0,1.0,0.0,0.0
GGAGAG,0.0,0.0,0.0,0.0,0.0,0.0,0.0,0.0,0.0,0.0,0.0,0.0,0.0,0.0,0.0,1.0,0.0,0.0
GGGCAG,0.0,0.0,0.0,0.0,0.0,0.0,0.0,0.0,0.0,0.0,0.0,0.0,0.0,0.0,0.0,1.0,0.0,0.0
GGTATA,0.0,0.0,0.0,0.0,0.0,0.0,0.0,0.0,0.0,0.0,0.0,0.0,0.0,0.0,0.0,1.0,0.0,0.0
GNANCA,0.0,0.0,0.0,0.0,0.0,0.0,0.0,0.0,0.0,0.0,0.0,0.0,0.0,0.0,0.0,1.0,0.0,0.0
TATCCA,0.0,0.0,0.0,0.0,0.0,0.0,0.0,0.0,0.0,0.0,0.0,0.0,0.0,0.0,0.0,1.0,0.0,0.0
TGAANC,0.0,0.0,0.0,0.0,0.0,0.0,0.0,0.0,0.0,0.0,0.0,0.0,0.0,0.0,0.0,1.0,0.0,0.0
TTAGAA,0.0,0.0,0.0,0.0,0.0,0.0,0.0,0.0,0.0,0.0,0.0,0.0,0.0,0.0,0.0,1.0,0.0,0.0
ACAACG,0.0,0.0,0.0,0.0,0.0,0.0,0.0,0.0,0.0,0.0,0.0,0.0,0.0,0.0,0.0,0.0,1.0,0.0
CAAGCA,0.0,0.0,0.0,0.0,0.0,0.0,0.0,0.0,0.0,0.0,0.0,0.0,0.0,0.0,0.0,0.0,1.0,0.0
CATCAA,0.0,0.0,0.0,0.0,0.0,0.0,0.0,0.0,0.0,0.0,0.0,0.0,0.0,0.0,0.0,0.0,1.0,0.0
GAAGGT,0.0,0.0,0.0,0.0,0.0,0.0,0.0,0.0,0.0,0.0,0.0,0.0,0.0,0.0,0.0,0.0,1.0,0.0
GACANN,0.0,0.0,0.0,0.0,0.0,0.0,0.0,0.0,0.0,0.0,0.0,0.0,0.0,0.0,0.0,0.0,1.0,0.0
GGTCCT,0.0,0.0,0.0,0.0,0.0,0.0,0.0,0.0,0.0,0.0,0.0,0.0,0.0,0.0,0.0,0.0,1.0,0.0
TAAATC,0.0,0.0,0.0,0.0,0.0,0.0,0.0,0.0,0.0,0.0,0.0,0.0,0.0,0.0,0.0,0.0,1.0,0.0
TAGACA,0.0,0.0,0.0,0.0,0.0,0.0,0.0,0.0,0.0,0.0,0.0,0.0,0.0,0.0,0.0,0.0,1.0,0.0
TCAAAC,0.0,0.0,0.0,0.0,0.0,0.0,0.0,0.0,0.0,0.0,0.0,0.0,0.0,0.0,0.0,0.0,1.0,0.0
TGCCTC,0.0,0.0,0.0,0.0,0.0,0.0,0.0,0.0,0.0,0.0,0.0,0.0,0.0,0.0,0.0,0.0,1.0,0.0
TTAAAT,0.0,0.0,0.0,0.0,0.0,0.0,0.0,0.0,0.0,0.0,0.0,0.0,0.0,0.0,0.0,0.0,1.0,0.0
AACGAT,0.0,0.0,0.0,0.0,0.0,0.0,0.0,0.0,0.0,0.0,0.0,0.0,0.0,0.0,0.0,0.0,0.0,1.0
AACGTC,0.0,0.0,0.0,0.0,0.0,0.0,0.0,0.0,0.0,0.0,0.0,0.0,0.0,0.0,0.0,0.0,0.0,1.0
ANTCCA,0.0,0.0,0.0,0.0,0.0,0.0,0.0,0.0,0.0,0.0,0.0,0.0,0.0,0.0,0.0,0.0,0.0,1.0
ATGCAC,0.0,0.0,0.0,0.0,0.0,0.0,0.0,0.0,0.0,0.0,0.0,0.0,0.0,0.0,0.0,0.0,0.0,1.0
CAAGAA,0.0,0.0,0.0,0.0,0.0,0.0,0.0,0.0,0.0,0.0,0.0,0.0,0.0,0.0,0.0,0.0,0.0,1.0
CGCCCT,0.0,0.0,0.0,0.0,0.0,0.0,0.0,0.0,0.0,0.0,0.0,0.0,0.0,0.0,0.0,0.0,0.0,1.0
GAAGTC,0.0,0.0,0.0,0.0,0.0,0.0,0.0,0.0,0.0,0.0,0.0,0.0,0.0,0.0,0.0,0.0,0.0,1.0
GACAGT,0.0,0.0,0.0,0.0,0.0,0.0,0.0,0.0,0.0,0.0,0.0,0.0,0.0,0.0,0.0,0.0,0.0,1.0
GAGCTA,0.0,0.0,0.0,0.0,0.0,0.0,0.0,0.0,0.0,0.0,0.0,0.0,0.0,0.0,0.0,0.0,0.0,1.0
GGAGNA,0.0,0.0,0.0,0.0,0.0,0.0,0.0,0.0,0.0,0.0,0.0,0.0,0.0,0.0,0.0,0.0,0.0,1.0
GGAGTA,0.0,0.0,0.0,0.0,0.0,0.0,0.0,0.0,0.0,0.0,0.0,0.0,0.0,0.0,0.0,0.0,0.0,1.0
TAAATA,0.0,0.0,0.0,0.0,0.0,0.0,0.0,0.0,0.0,0.0,0.0,0.0,0.0,0.0,0.0,0.0,0.0,1.0
TGCAAG,0.0,0.0,0.0,0.0,0.0,0.0,0.0,0.0,0.0,0.0,0.0,0.0,0.0,0.0,0.0,0.0,0.0,1.0
TGCTAA,0.0,0.0,0.0,0.0,0.0,0.0,0.0,0.0,0.0,0.0,0.0,0.0,0.0,0.0,0.0,0.0,0.0,1.0
CCCAAC,0.0,0.0,0.0,0.0,0.0,0.0,0.0,0.0,0.0,0.0,0.0,0.0,0.0,0.0,0.0,0.0,0.0,2.0
