var_sequence,1_0_1,1_0_2,1_0_3,1_9_1,1_9_2,1_9_3,1_20_1,1_20_2,1_20_3,1_40_3,1_40_1,1_40_2,1_60_1,1_60_2,1_60_3,1_90_3,1_90_2,1_90_1,1_210_1,1_210_3,1_210_2,1_600_1,1_600_2,1_600_3
AGCCCC,851.0,1658.0,1073.0,1925.0,1833.0,1555.0,1197.0,1579.0,315.0,927.0,918.0,1135.0,839.0,589.0,495.0,1068.0,1515.0,1810.0,1154.0,1212.0,1730.0,1992.0,3346.0,4275.0
GAACCC,2024.0,2917.0,2641.0,3858.0,2718.0,3513.0,2234.0,3669.0,3500.0,2037.0,2348.0,1800.0,1346.0,2252.0,1337.0,2545.0,3555.0,2481.0,2124.0,2018.0,3485.0,6068.0,3422.0,4301.0
GGCCCC,2034.0,3098.0,2550.0,3226.0,2804.0,3319.0,2429.0,3322.0,2959.0,1510.0,2063.0,1731.0,1223.0,1467.0,918.0,1748.0,3635.0,2338.0,1585.0,1720.0,3212.0,3539.0,2898.0,4790.0
GGCCCA,2095.0,3784.0,3521.0,10596.0,6196.0,7617.0,4947.0,7354.0,8541.0,5052.0,4903.0,4430.0,2795.0,3651.0,2924.0,5136.0,8299.0,7351.0,3936.0,4038.0,8736.0,8218.0,5491.0,8880.0
GGAACC,2139.0,3802.0,4309.0,5004.0,3994.0,4746.0,3380.0,3636.0,4084.0,2524.0,2471.0,2619.0,1571.0,1974.0,1161.0,2836.0,4027.0,4235.0,2368.0,3324.0,5553.0,7228.0,6424.0,10246.0
GGCCAC,2471.0,4355.0,4840.0,5784.0,3882.0,6390.0,4508.0,5249.0,4013.0,3013.0,3382.0,2116.0,1958.0,1878.0,1958.0,2794.0,4193.0,3917.0,2100.0,2319.0,5921.0,4215.0,4521.0,8771.0
AGACCC,2623.0,2664.0,2677.0,4166.0,3526.0,3448.0,2981.0,2835.0,2758.0,2105.0,1832.0,1177.0,1621.0,1153.0,1014.0,1551.0,2863.0,2113.0,1469.0,1696.0,3087.0,2880.0,3021.0,3365.0
AGACAC,2655.0,4508.0,3628.0,3783.0,3199.0,3345.0,2537.0,2646.0,4497.0,2842.0,2481.0,1917.0,1076.0,1863.0,1085.0,2416.0,3281.0,2826.0,2500.0,2068.0,2937.0,5263.0,3137.0,4523.0
AACCCA,2715.0,3384.0,3419.0,8063.0,5031.0,7026.0,4509.0,7191.0,6290.0,5750.0,5184.0,4673.0,2579.0,3221.0,1761.0,4599.0,7964.0,6329.0,4349.0,5238.0,7963.0,6078.0,6310.0,6606.0
AAACAC,2819.0,3719.0,4094.0,5401.0,4704.0,5705.0,2711.0,4412.0,5952.0,2995.0,3046.0,1982.0,1788.0,1550.0,1637.0,2193.0,2897.0,3765.0,2469.0,2169.0,5120.0,5556.0,4414.0,8669.0
AGACCA,2832.0,5431.0,3863.0,16871.0,7909.0,12424.0,8232.0,11930.0,13313.0,7664.0,9285.0,6188.0,5166.0,5016.0,4463.0,8636.0,11087.0,9578.0,6053.0,8075.0,12232.0,7789.0,8594.0,10119.0
AGACAA,3158.0,4011.0,3629.0,7368.0,5390.0,5935.0,4880.0,5656.0,6085.0,3401.0,4965.0,3518.0,2032.0,3121.0,1486.0,3511.0,5947.0,6160.0,3890.0,4737.0,6926.0,8267.0,6957.0,9899.0
AAACCA,3284.0,4883.0,4248.0,12294.0,8146.0,10112.0,5570.0,8438.0,8689.0,5657.0,6326.0,3787.0,3466.0,3929.0,1971.0,5666.0,8610.0,8380.0,4256.0,5688.0,7680.0,8442.0,7360.0,10469.0
GGACCA,3308.0,5272.0,4821.0,8706.0,7466.0,8578.0,6907.0,10895.0,10530.0,4706.0,8296.0,3687.0,3708.0,4376.0,2309.0,6195.0,7849.0,8447.0,4443.0,5734.0,9393.0,9042.0,7713.0,12947.0
GGCACC,3344.0,4740.0,5371.0,7433.0,5821.0,6935.0,4535.0,6069.0,5831.0,3593.0,4539.0,1599.0,2772.0,2571.0,2472.0,2904.0,4817.0,4697.0,2586.0,2255.0,5324.0,4788.0,5369.0,6407.0
AGCACC,3394.0,4837.0,4876.0,6200.0,5192.0,6520.0,3897.0,5243.0,4043.0,2787.0,3329.0,2943.0,1809.0,2049.0,1738.0,3121.0,4699.0,3873.0,3070.0,3619.0,5784.0,6906.0,3238.0,5583.0
GACCAC,3555.0,4782.0,5601.0,6947.0,4769.0,5836.0,4711.0,5647.0,6835.0,3221.0,3692.0,2548.0,1486.0,2528.0,1054.0,3481.0,3587.0,5020.0,3009.0,3753.0,5391.0,8080.0,4234.0,6491.0
GACCCC,3575.0,4207.0,4859.0,6224.0,4571.0,6528.0,3428.0,5868.0,5042.0,3058.0,3222.0,2890.0,1898.0,2049.0,1905.0,2800.0,4602.0,3812.0,2719.0,2243.0,4351.0,4270.0,4062.0,7078.0
AGCCAC,3582.0,5586.0,3183.0,6063.0,5644.0,4585.0,3639.0,4665.0,3503.0,2564.0,2588.0,2224.0,2411.0,1400.0,1449.0,2532.0,3942.0,3385.0,2201.0,2710.0,3909.0,5842.0,4424.0,5062.0
AAAACC,3742.0,5281.0,4975.0,7036.0,6123.0,6301.0,3543.0,5482.0,7059.0,3219.0,3476.0,2529.0,2399.0,1967.0,2243.0,3413.0,4085.0,5300.0,4049.0,3846.0,6150.0,5788.0,7234.0,8366.0
GGAAAC,4111.0,6465.0,6341.0,8803.0,6409.0,7624.0,6242.0,6887.0,6247.0,3651.0,5636.0,3264.0,3017.0,2568.0,3150.0,4483.0,7373.0,5477.0,4563.0,4254.0,6960.0,11382.0,6881.0,12273.0
AGAACC,4351.0,4738.0,5819.0,8409.0,7505.0,7822.0,6132.0,5588.0,7534.0,3599.0,3295.0,3249.0,2911.0,2121.0,2461.0,3383.0,5018.0,3688.0,1854.0,3047.0,3794.0,5027.0,7377.0,9731.0
AAACCC,4373.0,3976.0,5480.0,9192.0,6418.0,7147.0,5550.0,5677.0,6935.0,3142.0,3928.0,2422.0,2479.0,2180.0,2253.0,3530.0,3801.0,3997.0,2383.0,2361.0,5401.0,4911.0,4104.0,5746.0
AGCCAA,4410.0,4869.0,6017.0,13244.0,8272.0,9428.0,7593.0,9730.0,9561.0,7140.0,7076.0,4882.0,5912.0,3948.0,4254.0,7021.0,9405.0,9748.0,5253.0,7247.0,11653.0,10760.0,8082.0,11892.0
AGCCCA,4420.0,7503.0,6427.0,20812.0,15888.0,17880.0,12727.0,17236.0,20125.0,12307.0,10310.0,9208.0,8918.0,8490.0,2373.0,12639.0,19689.0,18185.0,11153.0,9985.0,15375.0,11279.0,8132.0,10325.0
AGCACA,4504.0,7686.0,7439.0,15222.0,13482.0,14456.0,12332.0,15386.0,13388.0,9875.0,11085.0,8451.0,5871.0,6884.0,4333.0,9387.0,14412.0,11904.0,6767.0,9662.0,13806.0,9850.0,9277.0,11970.0
AAAACA,4684.0,8153.0,6991.0,17940.0,13249.0,15880.0,11919.0,15050.0,15703.0,11902.0,12533.0,10635.0,8090.0,7309.0,6364.0,10871.0,15733.0,13030.0,8025.0,10418.0,12513.0,10080.0,15758.0,13706.0
AACCAC,4704.0,7456.0,6590.0,9264.0,7281.0,8448.0,5483.0,5452.0,5553.0,4097.0,4025.0,4057.0,2331.0,2555.0,1434.0,2459.0,5444.0,4995.0,2051.0,2919.0,4444.0,8257.0,4762.0,5845.0
AACCAA,4778.0,9640.0,9125.0,28430.0,18787.0,24457.0,19082.0,21581.0,23393.0,16856.0,18071.0,13191.0,9064.0,13400.0,7008.0,16654.0,23253.0,18249.0,12626.0,14995.0,21144.0,16951.0,12928.0,16940.0
AGCAAC,4807.0,6586.0,7594.0,9619.0,6579.0,8116.0,6962.0,6721.0,6775.0,4010.0,4292.0,3045.0,2992.0,2168.0,2554.0,4002.0,6551.0,5964.0,3082.0,3669.0,7335.0,8980.0,7162.0,9882.0
GAACAC,5369.0,8092.0,8011.0,9159.0,6470.0,9600.0,5987.0,8146.0,5322.0,4751.0,4340.0,2744.0,3108.0,3081.0,1282.0,5364.0,6814.0,5194.0,3477.0,3356.0,7875.0,7467.0,7594.0,9857.0
GACCCA,5477.0,7456.0,7774.0,18910.0,12216.0,15726.0,12986.0,15011.0,14791.0,9640.0,10885.0,8525.0,6176.0,7128.0,5509.0,9960.0,15154.0,14708.0,6864.0,10190.0,16782.0,10843.0,9497.0,14376.0
GGACAC,5504.0,6324.0,5561.0,10704.0,6600.0,8157.0,4833.0,7821.0,6628.0,4207.0,4238.0,3309.0,1766.0,3007.0,2455.0,2184.0,6358.0,5241.0,2873.0,4449.0,6530.0,7068.0,5124.0,8705.0
GACACC,5578.0,6834.0,8649.0,12419.0,9284.0,11042.0,7645.0,8830.0,6673.0,4682.0,6745.0,4784.0,3436.0,3612.0,3257.0,4635.0,6542.0,6541.0,4180.0,4969.0,7063.0,8668.0,7338.0,11298.0
GACACA,5812.0,6796.0,7117.0,12073.0,7915.0,12494.0,8057.0,11564.0,11627.0,7986.0,9301.0,6249.0,5788.0,5382.0,3857.0,8052.0,12197.0,11360.0,6653.0,7946.0,13320.0,14551.0,11148.0,17170.0
AACAAC,6079.0,9599.0,9900.0,14870.0,12221.0,13064.0,8181.0,11229.0,10784.0,5963.0,6396.0,5013.0,3646.0,4117.0,3856.0,6840.0,8223.0,7663.0,4159.0,5662.0,9395.0,10187.0,7128.0,12488.0
AGAACA,6251.0,8462.0,7351.0,22094.0,16171.0,18120.0,14891.0,17340.0,19772.0,13159.0,12226.0,10259.0,7328.0,10064.0,5316.0,12099.0,17470.0,16790.0,9493.0,11239.0,18949.0,10226.0,12714.0,15723.0
GGCAAC,6270.0,8118.0,7399.0,10750.0,7369.0,10355.0,6631.0,8903.0,9953.0,4956.0,5028.0,4654.0,2499.0,3645.0,1927.0,3991.0,6192.0,7886.0,3004.0,5997.0,8400.0,11058.0,8810.0,12365.0
AACACC,6378.0,9954.0,8868.0,16487.0,11862.0,15617.0,10245.0,11999.0,13456.0,6493.0,8948.0,5450.0,4077.0,5263.0,2745.0,6669.0,6493.0,7847.0,3642.0,6142.0,7974.0,8272.0,9558.0,10933.0
AGAAAC,6471.0,8026.0,7979.0,10535.0,8554.0,8666.0,6715.0,7749.0,7460.0,4709.0,5433.0,4717.0,3521.0,2847.0,2780.0,4864.0,7210.0,6099.0,3893.0,4686.0,9419.0,7604.0,10550.0,13587.0
AAAAAC,6608.0,7989.0,7930.0,10920.0,7166.0,10556.0,4913.0,7959.0,8132.0,6001.0,5046.0,3978.0,2969.0,3577.0,4090.0,4522.0,6103.0,6241.0,5073.0,5457.0,9138.0,12421.0,10641.0,11499.0
GACAAC,6646.0,7878.0,8207.0,13804.0,8776.0,10660.0,7693.0,10431.0,8526.0,6781.0,5063.0,4167.0,4239.0,3643.0,2988.0,4655.0,8047.0,6549.0,5485.0,5400.0,9908.0,10695.0,8949.0,13438.0
GAAACC,6737.0,10192.0,10388.0,15975.0,13256.0,14170.0,11172.0,11219.0,11937.0,5823.0,6537.0,4731.0,3100.0,4755.0,3945.0,5847.0,7200.0,6923.0,5561.0,5416.0,10014.0,9441.0,8058.0,10455.0
GGACCC,6812.0,8627.0,10790.0,11963.0,13625.0,14100.0,9030.0,11038.0,14705.0,5589.0,6754.0,4512.0,3439.0,3970.0,2757.0,3943.0,5922.0,6184.0,6485.0,4641.0,6265.0,5476.0,6265.0,5681.0
AGCAAA,6865.0,12476.0,12253.0,36106.0,24738.0,28121.0,21401.0,25647.0,26492.0,17824.0,21703.0,15759.0,11933.0,11619.0,8169.0,19059.0,28064.0,23743.0,15041.0,16286.0,26253.0,16267.0,16161.0,18057.0
GGACAA,7006.0,13965.0,11982.0,32981.0,21840.0,26480.0,19855.0,26382.0,24094.0,16506.0,19314.0,14501.0,13129.0,12561.0,7538.0,17505.0,22077.0,22313.0,13677.0,16084.0,28630.0,18871.0,14757.0,23231.0
GACCAA,7826.0,10450.0,11435.0,32299.0,21094.0,28701.0,18997.0,26115.0,27033.0,16001.0,19261.0,13873.0,10667.0,13703.0,7211.0,16110.0,24386.0,21849.0,12828.0,15583.0,24352.0,20118.0,15905.0,20970.0
GGCCAA,7921.0,12402.0,8916.0,31782.0,22605.0,26469.0,20233.0,27817.0,26630.0,19439.0,20203.0,16939.0,14167.0,16212.0,8886.0,17503.0,24392.0,24440.0,15514.0,16281.0,24862.0,19015.0,12039.0,20405.0
GAAAAC,8072.0,10676.0,13336.0,16627.0,12431.0,13471.0,8649.0,14211.0,13191.0,7002.0,9519.0,5508.0,4580.0,4414.0,4315.0,7590.0,11230.0,10257.0,5869.0,7018.0,10174.0,13643.0,14735.0,15176.0
AACACA,8636.0,11135.0,14373.0,33622.0,25976.0,28806.0,23916.0,30998.0,30383.0,21553.0,22505.0,16495.0,14551.0,15237.0,8842.0,19714.0,24737.0,21194.0,15385.0,16610.0,25134.0,14147.0,13137.0,19827.0
AAAAAA,8992.0,11292.0,11776.0,26036.0,18391.0,21847.0,15750.0,22231.0,25260.0,15909.0,16593.0,11598.0,11746.0,11089.0,8603.0,14599.0,22260.0,20093.0,13067.0,14985.0,26606.0,18489.0,17719.0,23974.0
GGCACA,10297.0,14409.0,14898.0,38060.0,29179.0,37757.0,24814.0,35475.0,36994.0,25946.0,24893.0,18884.0,16838.0,16282.0,10826.0,24208.0,31861.0,30442.0,19087.0,18753.0,30498.0,18471.0,16565.0,22561.0
GAACCA,10324.0,15192.0,15602.0,39527.0,26037.0,30921.0,26084.0,34609.0,36141.0,21879.0,22639.0,19112.0,11560.0,16025.0,8342.0,19734.0,29565.0,24397.0,17315.0,20830.0,30839.0,21713.0,18880.0,30353.0
GAAACA,10804.0,13769.0,15398.0,33675.0,26399.0,30050.0,25362.0,29514.0,32369.0,20711.0,22151.0,17743.0,14605.0,17168.0,8948.0,20252.0,24261.0,26762.0,15369.0,20156.0,30272.0,21976.0,21902.0,32164.0
GACAAA,11142.0,18693.0,14331.0,39523.0,28462.0,33929.0,27128.0,32597.0,32161.0,21691.0,24876.0,18163.0,15461.0,16019.0,10191.0,24191.0,31418.0,27684.0,19053.0,23082.0,31226.0,28588.0,21277.0,31853.0
AGAAAA,11214.0,15805.0,13453.0,42084.0,33659.0,37273.0,28427.0,34149.0,35559.0,23569.0,27629.0,19312.0,18876.0,17286.0,12221.0,23941.0,35098.0,29997.0,20900.0,22649.0,36627.0,21480.0,18144.0,26037.0
GGCAAA,11282.0,15081.0,16006.0,36007.0,29662.0,34741.0,27488.0,36690.0,34223.0,22404.0,26507.0,22340.0,13042.0,17913.0,11064.0,25346.0,33881.0,31497.0,18713.0,22409.0,38073.0,30761.0,23629.0,29507.0
AAACAA,11712.0,15261.0,16200.0,48671.0,29165.0,42696.0,29603.0,45449.0,42013.0,27239.0,29197.0,20710.0,17685.0,18510.0,9209.0,26382.0,34574.0,34238.0,20548.0,23574.0,37717.0,19690.0,23457.0,25296.0
GGAACA,12655.0,15888.0,17149.0,51559.0,36745.0,44893.0,35867.0,43321.0,51742.0,31669.0,32897.0,26058.0,19790.0,23453.0,13398.0,30997.0,41549.0,38790.0,21532.0,28095.0,43981.0,28153.0,28335.0,32378.0
GAAAAA,12722.0,19935.0,23144.0,49755.0,36130.0,40407.0,34440.0,42696.0,49010.0,29310.0,32522.0,26029.0,18853.0,21618.0,14908.0,30325.0,41180.0,38123.0,25456.0,27928.0,45278.0,30471.0,31484.0,44461.0
GAACAA,13141.0,18876.0,19273.0,59776.0,40413.0,46880.0,42668.0,47405.0,52385.0,33420.0,36691.0,28339.0,21215.0,25990.0,15348.0,31887.0,47826.0,41958.0,28528.0,31972.0,54355.0,33688.0,31806.0,41089.0
AACAAA,13802.0,22447.0,17701.0,58908.0,44044.0,50002.0,37169.0,52263.0,60380.0,33862.0,34616.0,27522.0,20872.0,23621.0,14065.0,31112.0,46072.0,41084.0,26068.0,27344.0,49549.0,29426.0,29909.0,39767.0
AACCCC,16843.0,25664.0,23141.0,13175.0,9937.0,10428.0,11436.0,10440.0,8598.0,8307.0,10022.0,18392.0,4828.0,4201.0,4182.0,7623.0,16027.0,12139.0,8805.0,11727.0,19371.0,34859.0,30764.0,43875.0
GGAAAA,19431.0,24181.0,27563.0,76677.0,57789.0,62344.0,50515.0,67648.0,70684.0,42019.0,46916.0,34399.0,31164.0,32103.0,17124.0,49241.0,56878.0,51113.0,31426.0,34750.0,56698.0,36233.0,43031.0,45065.0
