var_sequence,1_0_1,1_0_2,1_0_3,1_9_1,1_9_2,1_9_3,1_20_1,1_20_2,1_20_3,1_40_2,1_40_3,1_40_1,1_60_1,1_60_2,1_60_3,1_90_1,1_90_2,1_90_3,1_180_2,1_180_3,1_180_1,1_600_1,1_600_2,1_600_3
GCGAAAC,2307.0,1928.0,2666.0,2415.0,2275.0,2282.0,2619.0,3317.0,2926.0,3393.0,4041.0,2864.0,3021.0,3070.0,1746.0,3233.0,2917.0,3292.0,2589.0,2803.0,3915.0,3158.0,4027.0,4564.0
GCAGGAC,2373.0,2063.0,2509.0,2272.0,2473.0,2410.0,2666.0,2764.0,2710.0,3094.0,3382.0,2409.0,2535.0,2510.0,2051.0,2524.0,2313.0,2607.0,1935.0,1781.0,2703.0,2228.0,2938.0,3020.0
GCGAGAC,2375.0,2220.0,2670.0,2511.0,2564.0,2536.0,2693.0,3273.0,2737.0,3386.0,3580.0,2707.0,2618.0,2701.0,2042.0,2749.0,2501.0,2821.0,1944.0,2090.0,3294.0,2396.0,2893.0,3267.0
GCAAGAC,2395.0,2353.0,2406.0,2679.0,2635.0,2712.0,2836.0,3201.0,2888.0,3251.0,3690.0,2764.0,2636.0,3027.0,1965.0,2851.0,2583.0,2907.0,1971.0,2096.0,3127.0,2557.0,3506.0,3337.0
GCAGAAC,2395.0,2153.0,2783.0,2518.0,2397.0,2409.0,2793.0,3300.0,2642.0,3230.0,3984.0,2904.0,3085.0,3189.0,1990.0,3057.0,2927.0,3022.0,2577.0,2605.0,3955.0,3065.0,3892.0,4168.0
GCGGGAA,2455.0,2361.0,2749.0,2648.0,2512.0,2617.0,3010.0,3510.0,3062.0,3500.0,4290.0,3094.0,3003.0,2990.0,2123.0,3331.0,2826.0,3315.0,2561.0,2438.0,3780.0,2997.0,3641.0,3774.0
GCGGAAC,2527.0,2009.0,2607.0,2375.0,2259.0,2436.0,2945.0,3172.0,2676.0,3282.0,3733.0,3089.0,2927.0,2934.0,1775.0,3288.0,2995.0,2973.0,2582.0,2569.0,3821.0,3135.0,3827.0,4118.0
GCAGGAA,2551.0,2337.0,2788.0,2646.0,2419.0,2641.0,3141.0,3339.0,2898.0,3524.0,4154.0,3092.0,2964.0,3151.0,2064.0,3499.0,2955.0,3182.0,2393.0,2449.0,3614.0,3168.0,3508.0,4023.0
GCAAAAC,2585.0,2195.0,2869.0,2458.0,2328.0,2600.0,2799.0,3343.0,2889.0,3705.0,4091.0,3274.0,3093.0,3506.0,1904.0,3361.0,3163.0,3525.0,2771.0,2793.0,4289.0,3686.0,4170.0,4749.0
GCGGGAC,2591.0,2197.0,2372.0,2622.0,2535.0,2663.0,2507.0,3109.0,2511.0,3017.0,3509.0,2760.0,2559.0,2447.0,1885.0,2508.0,2427.0,2669.0,1835.0,1808.0,2753.0,2292.0,2611.0,2956.0
GCGAAAA,2592.0,2491.0,2921.0,2563.0,2803.0,2804.0,3032.0,3665.0,3184.0,3729.0,4567.0,3467.0,3400.0,3806.0,2060.0,3972.0,3369.0,3664.0,3058.0,3197.0,4546.0,3814.0,4697.0,5272.0
GCGAGAA,2607.0,2322.0,2900.0,2680.0,2797.0,2634.0,3125.0,3688.0,3060.0,3546.0,4362.0,3255.0,3442.0,3330.0,2069.0,3348.0,3162.0,3435.0,2756.0,2910.0,4003.0,3454.0,3963.0,4627.0
GCGGAAA,2653.0,2288.0,2738.0,2546.0,2577.0,2529.0,2884.0,3252.0,2794.0,3519.0,4056.0,3183.0,3071.0,3300.0,2010.0,3509.0,3338.0,3619.0,2755.0,2887.0,4293.0,3139.0,4451.0,4625.0
GCAAGAA,2718.0,2449.0,2854.0,2718.0,2790.0,2824.0,2992.0,3542.0,3119.0,3866.0,4558.0,3260.0,3270.0,3464.0,2260.0,3590.0,3104.0,3521.0,2868.0,2724.0,4341.0,3449.0,4299.0,4635.0
ACGAGAC,2748.0,2726.0,3056.0,3161.0,2971.0,3376.0,3032.0,3639.0,3377.0,4012.0,4159.0,3301.0,3436.0,3490.0,2492.0,3563.0,2943.0,3235.0,2498.0,2679.0,4061.0,3048.0,3543.0,3936.0
ACAGGAC,2780.0,2492.0,3119.0,2852.0,3246.0,2754.0,3063.0,3463.0,3190.0,3544.0,4294.0,3005.0,2840.0,3066.0,2309.0,2979.0,2840.0,3258.0,2159.0,2289.0,3527.0,2827.0,3215.0,3660.0
ACGGGAC,2783.0,2664.0,2770.0,2963.0,2856.0,2918.0,3140.0,3525.0,3159.0,3547.0,4229.0,3446.0,2767.0,2980.0,2337.0,3127.0,2906.0,2987.0,2058.0,2220.0,3126.0,2807.0,3396.0,3606.0
ACAAGAC,2784.0,2709.0,2968.0,3438.0,2945.0,3117.0,3276.0,3635.0,3538.0,3817.0,4784.0,3325.0,3225.0,3387.0,2419.0,3428.0,3161.0,3279.0,2489.0,2505.0,3755.0,3196.0,3788.0,4240.0
ACGAAAC,2823.0,2416.0,2818.0,2964.0,2858.0,2825.0,3457.0,3905.0,3415.0,4186.0,5186.0,3598.0,3857.0,3858.0,2434.0,4033.0,3623.0,3774.0,3354.0,3237.0,5042.0,4198.0,4757.0,5553.0
GCAGAAA,2911.0,2518.0,2930.0,2739.0,2472.0,2694.0,2880.0,3437.0,3087.0,3745.0,4649.0,3274.0,3286.0,3474.0,2028.0,3846.0,3333.0,3897.0,2917.0,2902.0,4569.0,3721.0,4638.0,5110.0
ACAAAAC,2952.0,2899.0,3558.0,2996.0,3058.0,2737.0,3730.0,4058.0,3701.0,4404.0,5048.0,3905.0,3811.0,4093.0,2403.0,4508.0,3900.0,3996.0,3712.0,3485.0,5248.0,4582.0,5363.0,5972.0
GCAAAAA,2960.0,2652.0,2987.0,2686.0,2716.0,2661.0,3242.0,3642.0,3280.0,4330.0,4562.0,3792.0,3593.0,3878.0,2035.0,3826.0,3753.0,4047.0,3283.0,3298.0,5039.0,4139.0,4822.0,5544.0
ACAAGAA,2974.0,2527.0,3377.0,3551.0,3193.0,3171.0,3610.0,4401.0,3675.0,4487.0,5328.0,4283.0,3956.0,4075.0,2654.0,4443.0,3862.0,4459.0,3358.0,3401.0,5161.0,4095.0,4999.0,5602.0
ACAGAAC,2974.0,2542.0,3036.0,2766.0,2864.0,2674.0,3247.0,3807.0,3068.0,4116.0,4572.0,3556.0,3199.0,3466.0,2309.0,3757.0,3396.0,3806.0,3197.0,3108.0,4617.0,3910.0,4570.0,4858.0
ACAGGAA,2982.0,2721.0,3465.0,3139.0,3034.0,2959.0,3535.0,3766.0,3543.0,4282.0,4888.0,3544.0,3593.0,3872.0,2566.0,4122.0,3453.0,3758.0,2985.0,3309.0,4568.0,3683.0,4438.0,5069.0
ACGGGAA,2992.0,2781.0,3409.0,3091.0,2922.0,3393.0,3451.0,3818.0,3432.0,3977.0,4621.0,3898.0,3478.0,3681.0,2520.0,3935.0,3564.0,3512.0,3018.0,2977.0,4672.0,3733.0,4393.0,4782.0
ACGGAAA,3036.0,2787.0,3232.0,2836.0,2849.0,2792.0,3521.0,3851.0,3575.0,4263.0,4939.0,3800.0,3975.0,4071.0,2435.0,4341.0,3978.0,4004.0,3530.0,3505.0,5267.0,4401.0,5742.0,5781.0
GCAGGGC,3081.0,3128.0,3319.0,3610.0,3371.0,3627.0,3191.0,3694.0,3321.0,3289.0,3376.0,2674.0,2256.0,2510.0,2527.0,2051.0,1715.0,2019.0,1004.0,1151.0,1622.0,1147.0,1420.0,1607.0
ACGAAAA,3091.0,2970.0,3312.0,3247.0,2874.0,3411.0,3729.0,4405.0,3846.0,4388.0,5624.0,4234.0,4187.0,4277.0,2357.0,4941.0,3981.0,4503.0,3713.0,3693.0,5896.0,4521.0,5910.0,6469.0
GCGAGGC,3091.0,3169.0,3264.0,3847.0,3562.0,3721.0,3851.0,3792.0,3596.0,3679.0,3886.0,3295.0,2589.0,2973.0,2745.0,2340.0,2052.0,2470.0,1353.0,1323.0,1940.0,1426.0,1637.0,1713.0
ACGGAAC,3092.0,2479.0,3079.0,2683.0,2693.0,2738.0,3292.0,3623.0,3444.0,3751.0,4057.0,3594.0,3417.0,3590.0,2229.0,3863.0,3304.0,3937.0,3049.0,3023.0,4539.0,3779.0,4623.0,5022.0
GAGGAAC,3098.0,3033.0,3354.0,3171.0,3128.0,3056.0,3624.0,4288.0,3665.0,4208.0,5195.0,3852.0,3989.0,3659.0,2428.0,4220.0,3786.0,4017.0,3424.0,3367.0,5143.0,4328.0,4865.0,5748.0
GCGGGGC,3110.0,2812.0,3645.0,3949.0,3837.0,3760.0,3466.0,4206.0,3461.0,3227.0,3659.0,2809.0,2464.0,2679.0,2747.0,2103.0,1964.0,2188.0,1120.0,1138.0,1789.0,1277.0,1354.0,1609.0
GAAGGAC,3127.0,2994.0,3280.0,3333.0,3592.0,3332.0,3723.0,4046.0,3668.0,3939.0,4807.0,3685.0,3046.0,3526.0,2714.0,3530.0,3099.0,3355.0,2591.0,2592.0,3920.0,3066.0,3754.0,4108.0
GCGGAGC,3128.0,2850.0,3296.0,3627.0,3546.0,3555.0,3711.0,3994.0,3257.0,3609.0,4242.0,3435.0,2974.0,3255.0,2453.0,2716.0,2655.0,3160.0,2013.0,1988.0,2961.0,2151.0,2507.0,2853.0
ACGAGAA,3129.0,2773.0,3389.0,3238.0,3202.0,3325.0,3695.0,4143.0,3660.0,4331.0,5298.0,3903.0,3947.0,4067.0,2701.0,4034.0,4115.0,4205.0,3076.0,3379.0,5124.0,3863.0,4723.0,5384.0
GCAGAGC,3130.0,3010.0,3612.0,3554.0,3458.0,3455.0,3488.0,4240.0,3389.0,3660.0,4039.0,3215.0,3094.0,3155.0,2527.0,2643.0,2666.0,2888.0,1892.0,1948.0,2915.0,2025.0,2439.0,3040.0
GCAAGGC,3149.0,2957.0,3526.0,3486.0,3756.0,3893.0,3670.0,3700.0,3389.0,3484.0,4041.0,3013.0,2658.0,2700.0,2595.0,2231.0,1992.0,2167.0,1331.0,1299.0,2052.0,1341.0,1664.0,1969.0
ACAGAAA,3151.0,3030.0,3305.0,2975.0,3010.0,2891.0,3766.0,4023.0,3730.0,4335.0,5311.0,3916.0,3484.0,4067.0,2465.0,4483.0,3928.0,4426.0,3657.0,3590.0,5395.0,4449.0,5482.0,6074.0
GAAAGAA,3232.0,3214.0,3729.0,3857.0,3583.0,3912.0,4511.0,4954.0,4156.0,5168.0,6052.0,4366.0,4518.0,4797.0,3058.0,4768.0,4446.0,4845.0,3816.0,4037.0,6038.0,4564.0,5676.0,6712.0
GCGGGGA,3241.0,3169.0,3564.0,3728.0,3716.0,3842.0,3741.0,3976.0,3713.0,3584.0,4399.0,3255.0,2851.0,2929.0,2605.0,2373.0,2307.0,2396.0,1338.0,1421.0,2215.0,1582.0,1839.0,1984.0
GCAAAGC,3245.0,2850.0,3467.0,3491.0,3614.0,3738.0,3619.0,3960.0,3376.0,4250.0,4544.0,3543.0,3542.0,3543.0,2684.0,3397.0,3260.0,3679.0,2229.0,2199.0,3572.0,2935.0,3153.0,3752.0
GCAAGGA,3264.0,3228.0,3655.0,3855.0,3944.0,4012.0,3866.0,4414.0,3975.0,4214.0,4918.0,3505.0,3141.0,3534.0,2725.0,2652.0,2617.0,2935.0,1482.0,1660.0,2436.0,1927.0,2113.0,2396.0
GCGAAGA,3272.0,3290.0,3650.0,3541.0,3745.0,3621.0,4146.0,4238.0,4001.0,4619.0,5029.0,4037.0,3580.0,4044.0,2743.0,3778.0,3409.0,3814.0,2799.0,2691.0,4100.0,3234.0,3789.0,4317.0
GAAAGAC,3281.0,3031.0,3556.0,3578.0,3280.0,3593.0,3848.0,4264.0,3994.0,4689.0,5221.0,3822.0,3719.0,3902.0,2893.0,4110.0,3521.0,4103.0,2744.0,2864.0,4279.0,3653.0,4338.0,4617.0
GAGAGAC,3284.0,2732.0,3635.0,3794.0,3324.0,3896.0,4043.0,4342.0,3741.0,4097.0,5037.0,3692.0,3495.0,3872.0,2605.0,3602.0,3525.0,3836.0,2786.0,2835.0,4194.0,3628.0,4280.0,4509.0
GAAGAAC,3322.0,2988.0,3463.0,3199.0,3425.0,3280.0,3798.0,4607.0,3875.0,4571.0,5037.0,3710.0,4052.0,4144.0,2685.0,4294.0,3940.0,4518.0,3518.0,3575.0,5402.0,4416.0,5273.0,5747.0
ACAAAAA,3380.0,3211.0,3496.0,3457.0,3144.0,3093.0,3598.0,4555.0,3970.0,4867.0,5712.0,4358.0,4264.0,4384.0,2705.0,4931.0,4396.0,5109.0,3921.0,4160.0,5995.0,4873.0,6442.0,6981.0
ACAGGGC,3384.0,3371.0,3937.0,4143.0,4308.0,4572.0,3943.0,4438.0,3784.0,3704.0,4301.0,3422.0,2998.0,3243.0,2969.0,2449.0,1968.0,2464.0,1307.0,1429.0,2001.0,1573.0,1712.0,1894.0
GAGGGAC,3392.0,2796.0,3275.0,3421.0,3717.0,3517.0,3456.0,4432.0,3344.0,4187.0,4746.0,3590.0,3415.0,3420.0,2790.0,3405.0,3264.0,3461.0,2572.0,2513.0,3780.0,3347.0,3734.0,4103.0
GCGAAGC,3394.0,2765.0,3517.0,3716.0,3702.0,3626.0,4017.0,4192.0,3460.0,4119.0,4716.0,3638.0,3264.0,3529.0,2791.0,3204.0,2920.0,3451.0,2452.0,2358.0,3680.0,2561.0,3087.0,3436.0
GAGGAAA,3395.0,3205.0,3747.0,3483.0,3695.0,3362.0,3748.0,4758.0,3947.0,4884.0,5830.0,4309.0,4257.0,4631.0,2844.0,4752.0,4482.0,4676.0,3910.0,3754.0,6209.0,4737.0,5969.0,6412.0
GAGGGAA,3434.0,3123.0,3547.0,3612.0,3756.0,3827.0,3831.0,4551.0,4080.0,4527.0,5821.0,4292.0,3999.0,4112.0,2868.0,4229.0,3779.0,4082.0,3321.0,3428.0,5139.0,4058.0,4822.0,5452.0
GAGAGAA,3445.0,3187.0,3561.0,3859.0,3727.0,3776.0,4161.0,4687.0,4194.0,4577.0,5814.0,4277.0,4346.0,4499.0,2775.0,5009.0,4272.0,4541.0,3687.0,3707.0,5626.0,4730.0,5856.0,5990.0
GCGGAGA,3457.0,3038.0,3358.0,3547.0,3807.0,3698.0,4236.0,4168.0,4051.0,4024.0,4638.0,3487.0,3476.0,3463.0,2837.0,3292.0,3239.0,3413.0,2529.0,2459.0,3738.0,2627.0,3057.0,3652.0
AAAGGAC,3488.0,3129.0,3843.0,3702.0,3814.0,3843.0,4198.0,4480.0,4177.0,4653.0,5117.0,4254.0,3959.0,4127.0,3200.0,4198.0,3727.0,3830.0,2827.0,3064.0,4089.0,3778.0,4253.0,4834.0
GAAAAAC,3530.0,3312.0,3818.0,3595.0,3364.0,3330.0,4270.0,4221.0,3973.0,5117.0,5857.0,4515.0,4535.0,4298.0,2721.0,5009.0,4346.0,4669.0,3827.0,4144.0,6180.0,4862.0,6587.0,6633.0
GAGAAAC,3534.0,2973.0,3367.0,3392.0,3174.0,3240.0,3779.0,4296.0,3792.0,4853.0,5280.0,4064.0,4350.0,4199.0,2641.0,4611.0,4182.0,4560.0,3994.0,3728.0,5599.0,4710.0,5745.0,6405.0
GCAGAGA,3555.0,3022.0,3619.0,3749.0,3535.0,3988.0,3833.0,4303.0,3818.0,4230.0,4908.0,3593.0,3599.0,3597.0,2640.0,3294.0,3263.0,3562.0,2338.0,2429.0,3677.0,2727.0,3330.0,3456.0
AAGGGAC,3597.0,3383.0,3677.0,3695.0,3649.0,3989.0,4075.0,4814.0,4044.0,4574.0,5576.0,4153.0,3844.0,3968.0,3058.0,4050.0,3453.0,3740.0,2854.0,2727.0,4228.0,3632.0,4440.0,4641.0
GAAGGAA,3621.0,3142.0,3639.0,3633.0,3414.0,3435.0,4049.0,4404.0,4015.0,4740.0,5647.0,4147.0,3900.0,4175.0,2754.0,4298.0,4032.0,4398.0,3420.0,3430.0,5346.0,4378.0,4888.0,5556.0
ACGGAGC,3639.0,3358.0,4089.0,4285.0,4056.0,3914.0,4399.0,4870.0,4392.0,4337.0,5001.0,4100.0,3739.0,3831.0,3035.0,3151.0,3053.0,3716.0,2429.0,2362.0,3569.0,2632.0,3226.0,3107.0
GCAAAGA,3640.0,3245.0,3729.0,4194.0,3581.0,3922.0,4204.0,4644.0,4060.0,5080.0,5699.0,3935.0,3563.0,4086.0,2808.0,3906.0,3587.0,4093.0,2864.0,2814.0,4409.0,3332.0,3732.0,4451.0
GAGAAAA,3667.0,3265.0,3789.0,3492.0,3389.0,3451.0,4072.0,4852.0,4112.0,5198.0,5951.0,4382.0,4456.0,4491.0,2731.0,5311.0,4804.0,4995.0,4267.0,4324.0,6518.0,5495.0,6233.0,7203.0
ACAAAGC,3704.0,3556.0,4048.0,4087.0,4063.0,4070.0,4540.0,5070.0,4501.0,4962.0,5748.0,4335.0,3974.0,4355.0,3082.0,3815.0,3809.0,4142.0,2913.0,2946.0,4676.0,3378.0,3988.0,4212.0
ACGAGGC,3705.0,3828.0,4011.0,4561.0,4463.0,4244.0,4230.0,4762.0,4242.0,4252.0,4554.0,3909.0,2970.0,3318.0,3407.0,2820.0,2351.0,2768.0,1550.0,1639.0,2472.0,1798.0,1891.0,2180.0
AAGGGAA,3707.0,3716.0,4010.0,3918.0,3797.0,3953.0,4332.0,5106.0,4350.0,5385.0,6252.0,5144.0,4636.0,4782.0,3315.0,4872.0,4601.0,5044.0,3964.0,3956.0,5834.0,4709.0,5903.0,6100.0
GCAGGGA,3727.0,3051.0,3872.0,3736.0,3595.0,3979.0,3759.0,4058.0,3554.0,3550.0,3826.0,3312.0,2719.0,2691.0,2602.0,2251.0,2133.0,2553.0,1341.0,1321.0,2122.0,1521.0,1768.0,2003.0
AAAGAAC,3752.0,3434.0,3659.0,3593.0,3742.0,3709.0,4340.0,4978.0,4254.0,4994.0,5789.0,4611.0,4672.0,4581.0,2953.0,4924.0,4463.0,4913.0,3992.0,4110.0,5901.0,4859.0,6200.0,7005.0
GCGAGGA,3772.0,3213.0,3718.0,3807.0,3721.0,3977.0,4153.0,4147.0,4077.0,4036.0,4614.0,3640.0,3000.0,3410.0,2879.0,2904.0,2628.0,2974.0,1641.0,1764.0,2705.0,1861.0,2131.0,2424.0
GAAGAAA,3773.0,3303.0,3951.0,3396.0,3372.0,3344.0,4275.0,4647.0,3925.0,5065.0,5899.0,4191.0,4610.0,4770.0,2564.0,5147.0,4705.0,4988.0,3996.0,4005.0,6185.0,5306.0,6503.0,6592.0
AAGGAAC,3776.0,3324.0,3980.0,3858.0,3516.0,3629.0,4599.0,4809.0,4043.0,4659.0,5835.0,4510.0,4479.0,4762.0,2968.0,5007.0,4458.0,5058.0,3942.0,3829.0,5795.0,5006.0,6156.0,6521.0
ACAGGGA,3778.0,3681.0,4394.0,4580.0,4354.0,4149.0,4197.0,4863.0,4314.0,4066.0,4548.0,3455.0,3270.0,3461.0,3196.0,2843.0,2648.0,2665.0,1799.0,1745.0,2682.0,1940.0,2338.0,2215.0
AAGAGAC,3779.0,3286.0,3691.0,4253.0,3748.0,3785.0,4511.0,5210.0,4480.0,4728.0,5742.0,4439.0,4433.0,4418.0,3140.0,4325.0,3998.0,4456.0,3414.0,3443.0,5043.0,4236.0,5082.0,5098.0
ACGGGGC,3782.0,3351.0,4040.0,4421.0,4298.0,4185.0,4172.0,4790.0,3920.0,4047.0,4653.0,3528.0,3124.0,3143.0,3281.0,2427.0,2295.0,2507.0,1360.0,1403.0,2128.0,1648.0,1610.0,2120.0
AAAAGAC,3796.0,3582.0,4066.0,4036.0,3876.0,3583.0,4253.0,4940.0,4476.0,5333.0,5933.0,4496.0,4259.0,4504.0,3537.0,4584.0,3836.0,4762.0,3354.0,3444.0,4913.0,4303.0,4923.0,5734.0
AAAAAAC,3818.0,3580.0,4157.0,3729.0,3666.0,3830.0,4612.0,5666.0,4660.0,6044.0,6707.0,5089.0,5056.0,5238.0,3102.0,5614.0,4982.0,5703.0,4688.0,4820.0,6885.0,5930.0,7056.0,7655.0
ACAGAGC,3836.0,3366.0,3801.0,4056.0,4012.0,3899.0,4003.0,5016.0,4317.0,4233.0,5052.0,3979.0,3750.0,3649.0,3020.0,3455.0,2941.0,3415.0,2555.0,2169.0,3695.0,2603.0,2857.0,3756.0
ACGGAGA,3840.0,3609.0,4215.0,4382.0,4340.0,4144.0,4615.0,5027.0,4666.0,4865.0,5533.0,4214.0,4184.0,4296.0,3438.0,4129.0,3767.0,3947.0,2990.0,2872.0,4692.0,3119.0,3943.0,3928.0
AAGAAAC,3848.0,3564.0,3941.0,3726.0,3795.0,3493.0,4415.0,5336.0,4283.0,5372.0,6174.0,4865.0,5055.0,5069.0,2965.0,5150.0,4574.0,5122.0,4256.0,4442.0,6590.0,5335.0,6432.0,7139.0
ACGAAGC,3945.0,3534.0,4163.0,4551.0,3902.0,3846.0,4547.0,4845.0,4233.0,4905.0,5849.0,4473.0,4076.0,4371.0,3279.0,3889.0,3674.0,4226.0,2957.0,2850.0,4175.0,3359.0,3864.0,4230.0
ACGAAGA,3992.0,3877.0,4092.0,4583.0,4305.0,4516.0,5025.0,5221.0,4655.0,5400.0,6404.0,5006.0,4724.0,4563.0,3054.0,4557.0,4544.0,4558.0,3582.0,3566.0,5331.0,3937.0,4472.0,5312.0
AAGAGAA,3998.0,3657.0,4234.0,4260.0,4096.0,3929.0,4886.0,5307.0,4708.0,5578.0,6916.0,4955.0,5080.0,5043.0,3398.0,5558.0,4576.0,5347.0,4221.0,4181.0,6373.0,5329.0,6162.0,7054.0
AAAAGAA,4070.0,3796.0,4298.0,4435.0,4300.0,4391.0,5078.0,5543.0,4974.0,5791.0,6761.0,5328.0,5054.0,5402.0,3332.0,5710.0,5225.0,5616.0,4471.0,4328.0,7001.0,5449.0,6762.0,7763.0
GAAAAAA,4088.0,3381.0,3918.0,3711.0,3927.0,3575.0,4467.0,5064.0,4461.0,5341.0,6445.0,4703.0,5072.0,5025.0,2762.0,5549.0,4943.0,5365.0,4562.0,4500.0,6848.0,5831.0,6874.0,7702.0
ACAAGGC,4118.0,3481.0,3871.0,4509.0,3986.0,4426.0,4239.0,4741.0,4244.0,4246.0,4575.0,3699.0,3117.0,3159.0,3240.0,2599.0,2317.0,2836.0,1552.0,1526.0,2231.0,1726.0,1667.0,2335.0
AAGAAAA,4120.0,3889.0,4617.0,4070.0,3804.0,3975.0,4817.0,5385.0,4745.0,5830.0,7498.0,5266.0,5354.0,5662.0,3200.0,6192.0,5432.0,5907.0,4955.0,5000.0,7490.0,6390.0,7828.0,8192.0
AAAGGAA,4132.0,3514.0,4171.0,4026.0,4034.0,3890.0,4314.0,5267.0,4393.0,5451.0,6604.0,4993.0,4537.0,4823.0,3138.0,4841.0,4667.0,4986.0,3946.0,3748.0,5649.0,4856.0,6028.0,6345.0
ACGGGGA,4142.0,3428.0,4173.0,4531.0,4655.0,4418.0,4318.0,4914.0,4539.0,4539.0,4825.0,3737.0,3208.0,3479.0,3419.0,2938.0,2657.0,2905.0,1592.0,1758.0,2600.0,1885.0,2333.0,2597.0
AAGGAAA,4169.0,3724.0,4118.0,3799.0,3921.0,3683.0,4374.0,5167.0,4652.0,5335.0,6398.0,4749.0,5273.0,5055.0,3098.0,5532.0,4812.0,5627.0,4362.0,4430.0,6900.0,5724.0,6861.0,7474.0
ACAAGGA,4188.0,3835.0,4604.0,4909.0,4644.0,4656.0,4661.0,5173.0,4550.0,4732.0,5410.0,4131.0,3744.0,3868.0,3102.0,3158.0,3004.0,3349.0,1978.0,2194.0,3220.0,2196.0,2517.0,2741.0
GAAGGGC,4189.0,3714.0,4535.0,4615.0,4870.0,4987.0,4359.0,4879.0,4291.0,4303.0,5180.0,3497.0,2923.0,3363.0,3399.0,2754.0,2189.0,2634.0,1417.0,1487.0,2226.0,1785.0,1864.0,2325.0
ACGAGGA,4194.0,3676.0,4398.0,4695.0,4311.0,4896.0,4533.0,4967.0,4817.0,4730.0,5684.0,4158.0,3762.0,4009.0,3470.0,3266.0,3117.0,3408.0,1946.0,2219.0,3314.0,2137.0,2515.0,2927.0
ACAAAGA,4214.0,3990.0,4623.0,4561.0,4461.0,4639.0,4917.0,5433.0,4964.0,6012.0,5949.0,4827.0,4564.0,4695.0,3269.0,4707.0,4489.0,5001.0,3517.0,3619.0,5326.0,4235.0,4994.0,5656.0
ACAGAGA,4245.0,3603.0,4116.0,4503.0,4549.0,4174.0,4637.0,4671.0,4662.0,4900.0,5542.0,4217.0,4176.0,4316.0,3248.0,4007.0,3849.0,4200.0,3090.0,2945.0,4340.0,3270.0,3844.0,4443.0
AAAAAAA,4255.0,4001.0,4812.0,4172.0,4085.0,3827.0,4948.0,5829.0,4981.0,6630.0,7377.0,5754.0,5643.0,5941.0,3265.0,6706.0,5710.0,6531.0,5324.0,5329.0,7580.0,6522.0,8064.0,9102.0
GAGGAGC,4292.0,4056.0,4536.0,4678.0,4612.0,4892.0,4805.0,5240.0,4483.0,5065.0,5990.0,4512.0,4035.0,4205.0,3518.0,3843.0,3568.0,4022.0,2733.0,2731.0,4126.0,3137.0,3599.0,3768.0
GAGGGGC,4392.0,4014.0,4335.0,5025.0,5124.0,4851.0,4450.0,5090.0,4555.0,4273.0,5129.0,3945.0,3424.0,3349.0,3690.0,2848.0,2465.0,2973.0,1603.0,1604.0,2510.0,1923.0,1920.0,2213.0
GAAAGGC,4393.0,3759.0,4605.0,4822.0,4816.0,4973.0,4517.0,4918.0,4481.0,4691.0,5244.0,4119.0,3513.0,3397.0,3661.0,2565.0,2909.0,2778.0,1621.0,1646.0,2657.0,1820.0,2104.0,2606.0
AAAGAAA,4404.0,3780.0,4441.0,3742.0,3927.0,3910.0,4649.0,5321.0,4769.0,5576.0,6446.0,5283.0,5163.0,5545.0,3185.0,5586.0,5223.0,5781.0,4714.0,4730.0,6964.0,5801.0,7368.0,7721.0
GAAGAGC,4409.0,3910.0,4506.0,4459.0,4727.0,4810.0,4667.0,5013.0,4539.0,5116.0,5741.0,4409.0,3960.0,4436.0,3671.0,3930.0,3684.0,4039.0,2702.0,2708.0,4013.0,3077.0,3546.0,4017.0
GAGAAGC,4437.0,4004.0,4720.0,4818.0,4822.0,4920.0,5186.0,5313.0,5252.0,5733.0,6447.0,5002.0,4680.0,4848.0,3636.0,4464.0,4363.0,4570.0,3331.0,3146.0,4581.0,3547.0,4423.0,4689.0
GAAAAGC,4574.0,4320.0,4701.0,4799.0,4673.0,4920.0,4878.0,5120.0,5051.0,5394.0,6711.0,4995.0,4676.0,4903.0,3526.0,4540.0,4255.0,4620.0,3308.0,3136.0,4675.0,3696.0,4038.0,5056.0
GAAAGGA,4592.0,4242.0,4841.0,5312.0,5039.0,5398.0,5189.0,5360.0,5083.0,5106.0,6286.0,4563.0,4286.0,4530.0,3702.0,3572.0,3537.0,3661.0,2152.0,2276.0,3499.0,2422.0,2798.0,3212.0
GAGGAGA,4633.0,4358.0,4977.0,4946.0,5262.0,5044.0,5123.0,5445.0,5237.0,5437.0,6660.0,5020.0,4675.0,5185.0,3658.0,4517.0,4501.0,4790.0,3210.0,3341.0,4844.0,3566.0,4416.0,4928.0
GAGAAGA,4664.0,4304.0,4981.0,5288.0,4670.0,4897.0,5466.0,5997.0,5252.0,6560.0,6918.0,5436.0,5311.0,5490.0,3762.0,5374.0,4937.0,5143.0,3855.0,3772.0,6048.0,4501.0,5269.0,5943.0
GAGAGGC,4691.0,4248.0,4773.0,5243.0,5275.0,5268.0,4680.0,5622.0,4894.0,4709.0,5979.0,4242.0,3908.0,3774.0,3729.0,3118.0,3037.0,3141.0,1779.0,1714.0,2496.0,2000.0,2432.0,2503.0
GAAGAGA,4698.0,4282.0,5107.0,4934.0,4689.0,5229.0,4979.0,5473.0,5361.0,5638.0,6809.0,4895.0,4862.0,4973.0,3440.0,4699.0,4329.0,4464.0,3221.0,3433.0,5146.0,3686.0,4650.0,5007.0
AAAGGGC,4723.0,4382.0,4861.0,5583.0,5292.0,5364.0,4981.0,5692.0,4876.0,4780.0,5530.0,4218.0,3470.0,3797.0,3978.0,3079.0,2716.0,2926.0,1705.0,1831.0,2591.0,1964.0,2493.0,2747.0
GAAGGGA,4740.0,4343.0,5133.0,4986.0,4933.0,5126.0,4535.0,4985.0,4817.0,4460.0,4880.0,4021.0,3480.0,3631.0,3594.0,3097.0,2884.0,3295.0,1808.0,1788.0,2897.0,2073.0,2321.0,2907.0
GAGGGGA,4743.0,4477.0,4862.0,5050.0,5120.0,5172.0,4726.0,5308.0,4891.0,4736.0,4984.0,4146.0,3762.0,3532.0,3443.0,3265.0,2941.0,3335.0,1962.0,1883.0,3096.0,1998.0,2461.0,2679.0
AAGGGGC,4752.0,4294.0,5345.0,5747.0,5482.0,5649.0,5349.0,5902.0,5167.0,5140.0,6019.0,4705.0,4040.0,3699.0,4252.0,3248.0,2948.0,3289.0,1768.0,1817.0,2772.0,2018.0,2197.0,2611.0
GAGAGGA,4764.0,4361.0,4968.0,5280.0,5550.0,5045.0,4882.0,6129.0,5237.0,5646.0,6049.0,4625.0,4113.0,4654.0,3902.0,3644.0,3601.0,3966.0,2388.0,2220.0,3538.0,2488.0,2979.0,3243.0
AAGGAGC,4813.0,4772.0,5252.0,5458.0,5005.0,5655.0,5528.0,6472.0,5081.0,5965.0,6529.0,5010.0,4325.0,5349.0,3960.0,4687.0,4367.0,4720.0,3095.0,3120.0,4603.0,3592.0,4096.0,4434.0
AAAGAGC,4830.0,4610.0,5323.0,5179.0,5172.0,5362.0,5315.0,6203.0,5136.0,5685.0,6356.0,5067.0,4698.0,5079.0,4154.0,4371.0,4174.0,4483.0,3240.0,3141.0,4592.0,3660.0,4094.0,4761.0
AAAAGGC,4933.0,4670.0,5747.0,5660.0,5526.0,5296.0,5433.0,6183.0,5641.0,5434.0,5855.0,4850.0,4103.0,4252.0,4260.0,3626.0,3342.0,3656.0,1997.0,2113.0,2835.0,2261.0,2467.0,2951.0
AAAAAGC,4948.0,4608.0,5704.0,5538.0,5314.0,5493.0,5749.0,6375.0,6073.0,6739.0,7346.0,5662.0,5377.0,5839.0,4280.0,5454.0,5039.0,5370.0,3952.0,3892.0,5811.0,4298.0,5269.0,5409.0
AAGAGGC,4957.0,4415.0,5270.0,5600.0,5791.0,5547.0,5294.0,6321.0,5506.0,5387.0,6450.0,4876.0,4276.0,4449.0,4168.0,3740.0,3197.0,3512.0,1989.0,2186.0,3084.0,2374.0,2623.0,2963.0
GAAAAGA,4977.0,4505.0,5318.0,5320.0,4869.0,5329.0,5552.0,6109.0,5597.0,6355.0,7221.0,5344.0,5167.0,5484.0,3471.0,5464.0,4662.0,5361.0,3991.0,4056.0,5885.0,4527.0,5441.0,6150.0
AAAGGGA,5075.0,4511.0,5587.0,5601.0,5716.0,5691.0,5379.0,5765.0,5567.0,5435.0,6225.0,4722.0,4160.0,4246.0,4014.0,4114.0,3269.0,3609.0,2174.0,2188.0,3381.0,2519.0,2706.0,3139.0
AAAAGGA,5243.0,5082.0,5886.0,5809.0,5829.0,5645.0,5868.0,6543.0,5810.0,6386.0,6902.0,5118.0,4666.0,4975.0,4221.0,4394.0,3791.0,4624.0,2593.0,2782.0,4055.0,2849.0,3362.0,3821.0
AAGAAGC,5261.0,4515.0,5487.0,5919.0,5260.0,5500.0,5557.0,6717.0,5697.0,6412.0,7662.0,5848.0,5454.0,5484.0,4064.0,5392.0,4763.0,5432.0,3857.0,3755.0,5801.0,4293.0,5293.0,5625.0
AAGAAGA,5370.0,4968.0,5556.0,6027.0,5782.0,5760.0,6179.0,7624.0,6233.0,7660.0,8305.0,6302.0,5877.0,6604.0,4318.0,5984.0,5744.0,6212.0,4836.0,4682.0,6900.0,5010.0,6173.0,6782.0
AAGGGGA,5397.0,4559.0,5534.0,5666.0,5501.0,4988.0,5243.0,5938.0,5345.0,5539.0,5803.0,4612.0,4270.0,4475.0,4110.0,3909.0,3448.0,3494.0,2089.0,2377.0,3445.0,2551.0,2651.0,3185.0
AAAAAGA,5506.0,5183.0,6107.0,5905.0,6054.0,5734.0,6566.0,7778.0,6338.0,7309.0,8316.0,6759.0,6201.0,6244.0,4424.0,6499.0,5886.0,6525.0,4816.0,4630.0,7197.0,5301.0,6499.0,7221.0
AAGAGGA,5519.0,5077.0,5560.0,6023.0,6058.0,6075.0,5657.0,6365.0,6026.0,6157.0,6917.0,5419.0,4504.0,5108.0,4372.0,4423.0,4029.0,4718.0,2508.0,2710.0,4172.0,2916.0,3376.0,3869.0
AAGGAGA,5591.0,4595.0,5171.0,5514.0,5153.0,5745.0,6040.0,6453.0,5853.0,6185.0,7488.0,5788.0,5724.0,5731.0,4340.0,5447.0,4944.0,5365.0,3925.0,3815.0,5753.0,4366.0,5021.0,5359.0
AAAGAGA,5640.0,4967.0,5777.0,6012.0,5388.0,5451.0,6100.0,6471.0,5801.0,6528.0,7464.0,5644.0,5519.0,5740.0,4336.0,5329.0,4869.0,5575.0,3922.0,3999.0,6010.0,4408.0,5673.0,5703.0
