Msn2,Nrg2,Cyc8,Sok2,Ash1,Gat1,Fkh1,Ace2,Tec1,Ste12,Mig3,Tda9,Msn2_OE,Msn2_DBD,Msn2_DBD_OE,Dal80,Gln3,Gzf3,Abf1,Aca1,Adr1,Cbf1,Crz1,Cup9,Dot6,Fkh2,Hcm1,Mbp1,Met31,Mot3,Rap1,Reb1,Rgm1,Rpn4,Sfl1,Skn7,Sko1,Stp1,Stp3,Swi4,Swi5,Tod6,Tos8,Usv1,Yap1,Med15,MNase
0.109087166754707,0.497371171581632,0.632596685082873,0.273918581985286,0.0370594897387821,0.0220883534136546,0.00295538259315125,0.00790862750543911,0.00304164092834417,0.00478524743230626,0.146285133657325,0.0298913661915362,0.433518917457157,0.078337493102954,0.250454040703058,0.0166671402939525,0.00310842932894496,0.0119028720556069,0.0189656649575844,0.131169675918464,0.031673862353894,0.0134288272157565,0.0108122206979916,0.0554360796309084,0.212631305148903,0.0209019675629922,0.0410958904109589,0.00310768389296204,0.00173780213524979,0.0659776408665477,0.0061652491913479,0.00587141989617904,0.188873052796392,0.0174289278777356,0.0400202780838641,0.115671460012598,0.266522858025885,0.00165671092093511,0.0524983573670491,0.00349730697112202,0.00627699209556629,0.141016931357564,0.340116493813703,0.0978696139451745,0.0566633321634379,0.0226402208546575,0.295986161761149
0.150876142885903,0.0851258398143621,0.186100610642629,0.0525725611399863,0.0446336882293766,0.036144578313253,0.0100843539814705,0.0135003135291131,0.00036835193148273,0.00525210084033614,0.0981721321780698,0.126473743483958,0.443763440859657,0.0492820542304864,0.171562629102661,0.00957645548843541,0.00731395136222344,0.0116009541605261,0,0.196692444039669,0.111341192293434,0.134288272157565,0.0238131378357301,0.0198173905185706,0.138227394015543,0.0109780559000665,0.0684931506849315,0.0082220958157779,0.00972823223113528,0.0112812970172917,0.00705998872412754,0.019327140381936,0.0083836689894148,0.00783996107516805,0.0148043339770437,0.0877438584325898,0.135733178356341,0.00765390054363713,0.019949941192079,0.0201424037792101,0.00914764577700635,0.0787369194859739,0.068521334670694,0.0299804622852597,0.100968767523117,0.129444710826535,0.186316531233823
0.260115024624425,0.249571934136984,0.320732771154405,0.126944891729223,0.0729320130865918,0.0742971887550201,0.00803605270587058,0.092369829135587,0.00149162127138361,0.00723622782446312,0.0868012150998058,0.19761546039787,0.554514077349186,0.0511999673973816,0.226651286778323,0.0235117573041408,0.0146279027244469,0.0331731790953185,0.0472761528444947,0.140109429934772,0.114904174900725,0.119516562220233,0.0322058178911518,0.0296084618888837,0.309088131928821,0.0182812614890003,0.0719178082191781,0.0048462155250086,0.0257816975249933,0.0143347001676049,0.02744137131189,0.170219152430824,0.0149306639384689,0.00944444197054952,0.0180144584424911,0.33887569358277,0.176040783734996,0.0208271371101549,0.0567288194134652,0.0173464375563272,0.0163730391246746,0.176267417805207,0.0897635760324866,0.0681564040059783,0.109000577943306,0.11363977486417,0.192940966211809
0.0679834530730737,0.947954867671492,0.496656004652515,0.591556705083798,0.0667962881598934,0.0240963855421687,0.00187687978874818,0.15235893326563,0.00111034183609776,0.00758636788048553,0.0827878139832224,0.0611272906196213,0.228975137323805,0.0083543645496285,0.0480391614001387,0.0363539052432256,0.00475406838544524,0.0409768834062148,0,0.0548731182434466,0.025210838236561,0.0322291853178156,0.162173604295643,0.0346440276026062,0.100090364697488,0.00562248859184218,0.00684931506849315,0.00218635702705139,0.0325267450032444,0.0787460027525598,0.00513548084425038,0.0024798519745315,0.0131685206599599,0.0140337435370754,0.0292753906705127,0.228435335864908,0.0761981995163842,0.00932110783994795,0.0380485472383587,0.00670075131448,0.108742100725613,0.0745906500161781,0.178622691525618,0.0345425041222489,0.0523334863475585,0.0384309582850448,0.2057567054293
0.619929347131365,0.237935229571781,0.260831637103809,0.154143979202736,0.0544972727829415,0.100401606425703,0.0276195659722036,0.257771078901872,0.00911740728659477,0.0256769374416433,0.130830268239789,0.200266768896898,0.669316043232896,0.517959966978013,0.618436755041648,0.0178920448781631,0.021210458950448,0.0147992376944791,0.000532231075251458,0.149328923267302,0.245809536254858,0.072515666965085,0.0962047573265594,0.0545846685767326,0.286507767636706,0.0319059249519516,0.0719178082191781,0.00559430913970545,0.0108877626394759,0.0400889886624213,0.0181690287532395,0.0115220867107314,0.0486990007656726,0.0238700622857998,0.0539798096536588,0.257650902591027,0.0814031990099374,0.00933439468465692,0.0243036557996833,0.0131674376289386,0.109089212718632,0.192398493251111,0.240412223259508,0.110105990394037,0.445455509278305,0.343167105252839,0.277758284996705
0.251065624209312,0.148224915961321,0.38281477173597,0.206310387155769,0.117201025825604,0.0200803212851406,0.0339730341284863,0.0576125058710567,0.00624332005282789,0.0192577030812325,0.0704398905039806,0.0845339923715538,0.527864943252529,0.195009020077974,0.374931892414862,0.0179499375348981,0.0012799414883891,0.0210943132186815,0,0.134851351276694,0.0583743001511894,0.101611459265891,0.0320125216813114,0.06188875857888,0.595410338104238,0.109496421955443,0.147260273972603,0.142323841619758,0.0102114676807723,0.147843965083036,0.00570163521530477,0.014505258253593,0.0207412162709835,0.0915477184053067,0.061482934764591,0.133768230998373,0.183360682661392,0.0149747717753369,0.0333548489823832,0.0620810428706278,0.0291351943148098,0.327135141012681,0.338220964948155,0.0423058510549214,0.074147464229217,0.190779792875943,0.389966838842639
0.0957688977156055,0.193939358780311,0.340505961035185,0.214562094020778,0.56376894215654,0.0301204819277109,0.020811762179997,0.121387170673007,0.00294917087236581,0.00711951447245565,0.0673835440204631,0.105034638384394,0.588485997259646,0.0304913498062509,0.236017175745937,0.0267560645280087,0.0131651124520022,0.0314484696871599,0.0279508265066638,0.929219153220716,0.0828538038414338,0.117726051924799,0.0328390680030664,0.0900913158659082,0.488427928797575,0.0834440723835174,0.11986301369863,0.0114981385442502,0.00557863965060954,0.152164812371882,0.0222380682566502,0.0105812821024028,0.157522313264435,0.00958896680256757,0.049159858289492,0.0775383261445457,0.334010259078586,0.0179390869912275,0.0951086549226789,0.00871507711758349,0.0434924817608867,0.391801258660462,0.518079566726846,0.129381894510668,0.0679437179148278,0.0693678369841411,0.182158326596097
0.104337960168251,0.371872686382279,0.559464960744402,0.190967314654338,0.012912094605342,0.00803212851405623,0.00346454974556532,0.0871213843417638,0.000151569605912752,0.00303454715219421,0.109923172298534,0.104634895477713,0.873091700938519,0.0173781163020584,0.150009691540826,0.00753652169079409,0.00676540501005668,0.00466099918241514,0,0.149666481023879,0.087542910501606,0.0514771709937332,0.0382881904092567,0.0255699304489063,0.151858205404817,0.00582791888208483,0.0205479452054794,0.00144994753301436,0.0144703493603195,0.0496932044122336,0.0577893738033581,0.0872737697790543,0.0049238446102587,0.0110915653708497,0.0443244746332314,0.498807629902027,0.436274378532604,0.0100284222326162,0.0632449298345031,0.00239361361335708,0.0348932615790101,0.0736475261754825,0.0732943054074297,0.0109997531243884,0.105668984257445,0.0562126727320444,0.176234167145032
0.111378289526032,0.116427345581426,0.273771445187554,0.126168643847483,0.0260677638392622,0.0220883534136546,0.00748209674861354,0.205328210295107,0.00429227912269809,0.0100373482726424,0.106480201657363,0.962248845302658,0.623740639194624,0.0145352332583147,0.14878491886559,0.018046369265564,0.000731395136222344,0.0158187786084249,0.178750613665637,0.349569550103599,0.117832992419181,0.112354521038496,0.0801436395208361,0.0295916489402933,0.187092659622704,0.00841666566687859,0.0890410958904109,0.00303346028610037,0.0133489862057458,0.047832736826079,0.00967704957334257,0.0387760895326997,0.0257661866490235,0.0119345587493802,0.0254918652989622,0.274920694754676,0.527281086604827,0.0388781640284727,0.0330718602410293,0.00559962071218975,0.057578378867538,0.166843413515422,0.134918112284461,0.0589921584574825,0.237174839814444,0.11462895291382,0.177149088205184
0.00680204081598454,0.0130834268341846,0.0705146845013085,0.0153613672732558,0.0862368927527064,0.036144578313253,0.0206778751153551,0.246551068528238,0.805244433441414,0.602707749766574,0.0261179689550519,0.00829555448872939,0.160131074617228,0.0107156166767798,0.07202522708288,0.0111013723861676,0.00164563905650027,0.00964906930679073,0.00733627751875531,0.042886841622602,0.0119714843496183,0.115040286481647,0.00351470834873542,0.0052036061980789,0.228495099626429,0.0194668656567197,0.0650684931506849,0.0646539534873971,0.00214342669661723,0.00293306901603691,0.00744274675704305,0.0339400481143536,0.00572595298667333,0.00907483123187344,0.0179498295160217,0.319196614002966,0.0318649840285684,0.000917907402139726,0.0198556116116277,0.0823524386753971,0.244290858854134,0.293611938212679,0.0287660473006761,0.00475645749502928,0.0597645609874755,0.00872586274733623,0.206100638421209
0.00560914133639905,0.00901807792978164,0.0239895318406513,0.000446749229732471,0.0540882079157284,0.00803212851405623,0.0259749951947127,0.000813936668141504,0.103810771012926,0.284547152194211,0.00982022964414762,0.00689723548096269,0.120067006127804,0.0118025042503865,0.0686012508498353,0.00660435900636233,0,0.00645533756801769,0.0111138275990371,0.0166848766464775,0.0012440721774211,0.160250671441361,0.000793668400700449,0.00106984588352963,0.039951207753595,0.0135335071076758,0.167808219178082,0.00963959898157879,0.00195706146164577,0.00266288049512368,0.0464673703422802,0.0230965472998709,0.00318949991969238,0.0107210098451341,0.00272577082382419,0.0329988806184714,0.00620425112950153,0.000134327912508253,0.00363291600312636,0.0524707098405539,0.00209791733229548,0.0739697794481681,0.00941517329508924,0.00367488280325162,0.0152339722587752,0.0065254105269339,0.222884571469902
0.0299018612361069,0.138488791009292,0.489677231753417,0.179445963315943,0.0296565795045694,0,0.00421184224220854,0.00633892543688536,0.000515462623819167,0.00128384687208217,0.0397209217240524,0.00667907209871434,0.307780544444009,0.0282785645576471,0.119695496439678,0.00716397012485444,0.000731395136222344,0.00409245822533056,0,0.0707808467792833,0.0126282937080272,0.00313339301700985,0.00467591841398247,0.0495939151421976,0.0833563857236558,0.00680724645347839,0.0513698630136986,0.00147051115349271,0.000667437944439596,0.0772609550275151,0.0252881065393852,0.0046436783578524,0.00580048374852494,0.00997989879370301,0.297820931282172,0.0323523728906802,0.0881839049237279,0.000470147693778884,0.013518046549882,0.000945656770159276,0.00489235242509493,0.0384536320767438,0.210444390082368,0.0126764984778335,0.0413566076472364,0.0144664431807521,0.191372598876207
0.145696039871064,0.264173901809398,0.352428031404478,0.193377250385119,0.0332353119451987,0,0.00675695897944827,0.111420581297955,0.00322435158351273,0.00536881419234361,0.0904892546309396,0.111639986350999,0.606618265583054,0.104998258868915,0.359355516868589,0.0135201917557347,0.00438837081733406,0.0103258888340863,0.00556551229400148,0.116634285487501,0.050573110299475,0.128916741271262,0.0319606021645604,0.0177785319422799,0.303053709661385,0.0126225746360459,0.0410958904109589,0.00667888238570368,0.00534399420772859,0.00574603987895508,0.292797096415826,0.00615762246553404,0.00849606692319876,0.0177374092201521,0.0907248677151012,0.140478471374793,0.19694395180117,0.00275372220641918,0.0292827046920386,0.0129829192347612,0.0349542229324713,0.266757108698863,0.116952227351436,0.0206252009689323,0.0994121845838188,0.0547769360181913,0.23764963553191
0.0554958049744004,0.15208154720691,0.672724629252689,0.242882905834768,0.051888704132211,0.0120481927710843,0.0019438233210691,0.024542558795135,0.00269831687639441,0.00746965452847806,0.204068907329495,0.00931153006980892,0.588195917153312,0.101343810361321,0.284256519839112,0.0135111610718126,0.000182848784055586,0.0350094366754553,0.119011798960573,0.134993346633641,0.0136087694484034,0.031781557743957,0.00541411508729303,0.0411079374333583,0.328324917194895,0.018696598590853,0.0342465753424657,0.00455167034578697,0.00131386664795508,0.0153219152821941,0.139294691349099,0.0687736317625654,0.00673392364468973,0.0193632113679929,0.0498045643349512,0.0546894072843873,0.0440052742008097,0.00606714404828941,0.00825052648813921,0.0041397043434434,0.0143436958635535,0.128033155501247,0.0723173862130012,0.0177455014295189,0.0442038049435663,0.0502484185628606,0.165527564917481
0.0778288768911648,0.0372147434875997,0.171416109334109,0.022036297949159,0.0574609260860387,0.0100401606425703,0.010090889339273,0.0250764694702432,0.00144239264039092,0.00828664799253035,0.0261518507988809,0.0803905660884612,0.439757295137695,0.0132334707512138,0.112645546458689,0.0065806505032911,0.0354726641067837,0.00493816304244629,0.00152692814805673,0.143693324093187,0.0813106122996091,0.0931065353625783,0.0603248558345512,0.0171791816146388,0.231456724607943,0.00981908075259648,0.0890410958904109,0.00390602228815317,0.923950439416157,0.0240675093922057,0.035011956290431,0.0148238362467724,0.00514743689581352,0.0357832997827207,0.0105978874352885,0.109655292990019,0.0255332380663483,0.396034617827463,0.0387985525083923,0.00356308436163897,0.0190936408148068,0.127946515692783,0.0535753120133973,0.00754911848851119,0.170907870010761,0.137592852262147,0.201746110181659
0.166246553801678,1.07181089604179,0.796452457109625,0.427686674080492,0.0617062465923018,0,0.0124641052397739,0.0181591088356026,0.0097760968898157,0.0100373482726424,0.0912536915188409,0.0403444605646294,0.399920870288733,0.0569749225488941,0.222774063826785,0.0474330470819304,0.018102029621503,0.0541366174329394,0.00055546087792563,0.104710078704683,0.0574701951390339,0.0389435989256938,0.0188434963082946,0.43678947943857,0.273375688694103,0.0194151740121624,0.164383561643836,0.00290431410911611,0.0221741243999677,0.126708558174563,0.0188631589537631,0.0259782578485282,0.0391027024186528,0.016461786132607,0.0433591171161756,0.0695762457582737,0.257533910747787,0.0228602580791969,0.0782024953831338,0.00304455350392742,0.00494086708939008,0.116500935665217,0.61939540603189,0.13380291081436,0.181321006899232,0.0578665615303406,0.13510270678099
0.0203166510602826,0.189770201670367,0.40389648153533,0.141578909782414,0.0333576510945342,0.0200803212851406,0.226376141930628,0.921917383765687,0.00979641392834073,0.0204248366013072,0.0751912694247186,0.0171552544951705,0.276671376215106,0.00976300927051074,0.0504230378323512,0.00826862323899254,0.00420552203327848,0.0102774189598245,0.124187020028805,0.102121002135105,0.0312922405224295,0.0671441360787824,0.0143929568044309,0.0318209875161145,0.261665374506164,0.160431552098165,0.352739726027397,0.0137073877331831,0.00495008932498755,0.108599371367943,0.0113584657608474,0.0067369504495074,0.00486824743437326,0.00792241172388701,0.107305537241007,0.0759405746088839,0.0964553168167026,0.00125372718341036,0.0212925774470066,0.0587101651695903,0.223863283432856,0.164231760978583,0.266668948077442,0.00882054111108948,0.0330891050000916,0.0696986147438004,0.161016650628995
0.0187310912437159,0.26866637153785,0.516865367839488,0.260699680242625,0.194041053030323,0,0.14447672042368,0.152209126572207,0.00247236479624018,0.00957049486461252,0.127211848086334,0.0107602626197308,0.3258362476579,0.0158560864751643,0.0704817214639293,0.0126441615015831,0.00457121960138965,0.00982641900296326,0,0.0598693132661961,0.0162432345035314,0.094449418084154,0.0138383295608974,0.0218562713452481,0.664934401530503,0.227387772645803,0.304794520547945,0.0846850844947914,0.0136984621086587,0.0251232268654902,0.0716655536904265,0.0108645829497492,0.00896218508027461,0.00853937440871996,0.0327402144451423,0.114559757369596,0.438256268770008,0.021112599981923,0.0343954036320115,0.153050319703745,0.159479999453543,0.408947035862956,0.286776036104764,0.0291828147636076,0.0434863490423379,0.0274995160696475,0.143542720342846
0.21679257501438,0.217471192361661,0.294998546088979,0.0989323875890457,0.0848117511868864,0.0220883534136546,0.0025798628304355,0.0524099939732699,0.000682890354680642,0.00326797385620915,0.268693145477742,0.0627606160731515,0.841834904737402,0.0308085733557162,0.203067855008983,0.0111042275500292,0,0.00801108035383106,0,0.090014837235879,0.0871159429233166,0.0299910474485228,0.0403957075645121,0.0158908786513684,0.222888293137718,0.00466337591621265,0.0410958904109589,0.00595731347167461,0.00476403317039856,0.0222972544312358,0.00587118096118986,0.00531282472743233,0.0287421628671506,0.00442440026908796,0.0139855864631157,0.142187467039611,0.053141661670678,0.025736416588082,0.0263239898728022,0.00916099657017892,0.0155167338427007,0.108907333017308,0.112906340071038,0.0274260755345845,0.0602968978641165,0.0496951502784316,0.21353193538369
0.003471068566738,0.00688053985623086,0.0318406513521372,0.00405907033506469,0.0273832712496863,0,0.0563656912325544,0.0012581581598068,0.18900377703339,0.139239028944911,0.00679962069447964,0.00100047228220839,0.0640242844759405,0.0123265565715553,0.0640861083054011,0.00662622129344625,0,0.00412152388338264,0.0292773516286016,0.0198512875293952,0.000950065939084721,0.0273052820053715,0.000492061187200742,0.00359603521468606,0.0410034734137804,0.019537317134328,0.150684931506849,0.00271095190321828,0.000767541330465825,0.00111061700391289,0.000283857525154773,0.00108009515033466,0.00428973134351346,0.00853937440871996,0.00207051883270776,0.00283435474326786,0.0114788466046213,0.000134327912508253,0.00429728707022477,0.0246964202577278,0.00251439051706319,0.050181351213862,0.0153324526868491,0.00443850564448641,0.00350558837527601,0.00209808104050365,0.355501655722541
0.156801873797179,0.130518288628487,0.373945914510032,0.154172555748127,0.0695878243484561,0.0281124497991968,0.0666508758109877,0.251443982412219,0.00273697342408796,0.0148225957049487,0.0889710603733275,0.116616807141076,0.6267458430103,0.0332348854415778,0.215204290798112,0.0237097168201235,0.018102029621503,0.0347383431507967,0.0120850016760441,0.224630663353483,0.0720871204535753,0.555953446732319,0.137412329823142,0.0227692853768149,0.339120529707482,0.152363580577528,0.208904109589041,0.0196150670094112,0.0284687929283256,0.344676333789471,0.0900135784664318,0.0216215164206738,0.00873859279471977,0.0241775988411768,0.0768351580404917,0.141312819521741,0.0802530699381636,0.0145151204569337,0.0418371354177116,0.0308077378130299,0.191333835632552,0.255368121020202,0.161791959927063,0.0244303720605484,0.176535090005841,0.124687392387778,0.268562292466933
0.0236753707057191,0.041825245379078,0.14495492875836,0.0170454018871569,0.364689154344037,0.0562248995983936,0.0224537843034172,0.00459622020782085,0.000358481012541029,0.00583566760037349,0.042296888301207,0.0102156353297277,0.235195935801966,0.0316845214095119,0.136161040782441,0.0125913012566797,0.000182848784055586,0.0101743313688009,0,0.103715261115847,0.00629065708416257,0.040734109221128,0.00535165132505431,0.00413376031454927,0.190699311587218,0.0129207351190037,0.0650684931506849,0.00191028496662394,0.00231798966702528,0.00624365911592709,0.00239676139527313,0.00252421932699339,0.00642573201329365,0.0149184346334851,0.00732627716234739,0.0585443358703982,0.0852813222964404,0.000380595752106715,0.016199255055798,0.00281475976303054,0.00457816790041024,0.142238615412017,0.0328585918782241,0.0129109685224246,0.366536078214915,0.0119281139347016,0.202754813612498
0.0345901032779743,0.089355079351803,0.409421343413783,0.068514243837854,0.0414805855623744,0.0100401606425703,0.056032411620611,0.0325548806925702,0.0880818009778959,0.0438842203548086,0.0789029783041869,0.0165294296318616,0.453406774288385,0.00969546905424479,0.0802671152799755,0.0159370478599759,0.00859389285061254,0.0154269481635053,0.0174794904579811,0.041732172995924,0.0261095611675368,0.0720680393912265,0.0135106643626772,0.00437461240869032,0.277074264882447,0.297346777999592,0.10958904109589,0.0518337302965557,0.0265017198943146,0.193040571363855,0.570062873662731,0.00505025669531257,0.0181858296180364,0.018354371904985,0.0283571032825226,0.9906062440884,0.0839972455392376,0.00814922669216732,0.0184319725273418,0.294578490793301,0.00654145346309261,0.192651254884915,0.0415791898823613,0.0129383288492907,0.113186160419531,0.0298260036899117,0.130761092606478
0.0112991964049934,0.00744075830330727,0.0660075603373073,0.0172936602638165,0.00519926129391102,0.00803212851405623,0.00404647676327215,0.0432608745927706,0.000692060109264895,0.00466853408029879,0.0137537988875581,0.0228626308784084,0.141413143834333,0.00505451586406762,0.0168690856670962,0.00833508526750948,0.00804534649844578,0.00455831060322158,0.824697165207612,0.0270369315271197,0.0173706461242977,1.57072515666965,0.0188356709541725,0.00230212793521889,0.109873087242513,0.00742087218973192,0.0650684931506849,0.0117193294481988,1.3191988995758,0.0015901723784996,0.181271863532154,0.0164799726184686,0.00406613905795863,0.0288697275218415,0.00477717095938766,0.204329526685426,0.0264952279306133,0.0058089845986486,0.0222535476913708,0.0124131332675559,0.0127634948697608,0.0863598996096311,0.0131271139561643,0.00719449399260698,0.0830600418104523,0.0606447350624673,0.0923779670943312
0.0982214122888704,0.0704850221787713,0.217214306484443,0.111063837569783,0.0346606607977252,0.142570281124498,0.0169852427372078,0.137450219631023,0.00157797815763914,0.013422035480859,0.0543626166893124,0.120370750406172,0.466369871958958,0.00895762443244945,0.0512451765941851,0.0105483651923195,0.110989211921741,0.0113740963942542,0.115517576062145,0.123744255363977,0.079763806947038,0.125783348254252,0.0484121132629931,0.173550792668642,0.137689972297415,0.0219476264148066,0.13013698630137,0.00788644410242144,0.327038969772816,0.119332290591728,0.104708584461189,0.0120588653835687,0.00630446907753314,0.0159884034927526,0.0297307296275596,0.29942047923862,0.0413237751072784,1.08602447084954,0.025689960210535,0.0163247523737523,0.0480792084983487,0.115351575836049,0.108510644043301,0.0109884343022148,0.195761767079066,0.222416704880356,0.146568619217733
0.037867425310789,0.100024999095067,0.422797324803722,0.069755246100515,0.0470199415055968,0.0100401606425703,0.0526093830009875,0.0329636924786397,0.0971394075501989,0.0470354808590103,0.0813410947933093,0.016602819914084,0.4771462477519,0.0109064955704615,0.0870147495468139,0.0169931847896369,0.0100566831230572,0.0159264179946284,0.0174966131975222,0.041732172995924,0.0279756694336685,0.0734109221128021,0.0134414455666303,0.00470508906120639,0.287037808452564,0.297956283538659,0.10958904109589,0.0528349831029765,0.0268216386224219,0.189462388535785,0.585784254410976,0.00579722952186156,0.0177007778749944,0.0200005505182457,0.0304022171801347,0.99431766843458,0.0938591348801281,0.00788057086715082,0.0181634452763563,0.295070539844441,0.00686357667852105,0.195568682508668,0.0405189921085692,0.0128404938799911,0.11607384843626,0.0324777474185105,0.130317320001685
0.0885764167198714,0.185858625223803,0.428031404478046,0.526098216300805,0.240987246435734,0.0200803212851406,0.0372913451186355,0.0696738490195933,0.00476966039946535,0.0206582633053221,0.119350276669575,0.0702668333539079,0.454328026935149,0.0115920903251514,0.0419631885962574,0.0206091322466194,0.0199305174620589,0.0319377977320855,0.0949418708761529,0.0940961401887127,0.167303026368018,0.0438675022381379,0.0222892964401048,0.020439135860612,0.28177542533714,0.405440725626577,0.0136986301369863,0.0196818703262689,0.00758461992178689,0.012127518342487,0.195366947570634,0.016798550611648,0.00593181526827509,0.00967141745128653,0.0275815028288143,0.178335023751908,0.339402401001049,0.124904759845385,0.0155441467358534,0.0941581988954524,0.0268509622298093,0.169169348046914,0.146542785819578,0.0112324876289108,0.0757392193700911,0.139627213682026,0.169583974509513
0.0343313622352467,0.233362827358699,0.574004070950858,0.0917071661371071,0.967484929908274,0.070281124497992,0.0145163932191056,0.0260738043922443,0.00320072603269465,0.0222922502334267,0.0590026046057649,0.0211342781672326,0.403226832295658,0.0113395323353823,0.0536623411909927,0.0511687844429192,0.00457121960138965,0.0731160681783877,0.0603626131883288,0.128740450386727,0.0211448635477519,0.0505819158460161,0.0202881586673755,0.0342743429870994,0.206092162345026,0.170271953926557,0.0445205479452055,0.00683557780737594,0.00630811675410261,0.422133615235603,0.099688723166548,0.0225757816789259,0.130703830947512,0.0260924506530538,0.0394346946767933,0.892073182424835,0.345626350720029,0.0306526722393422,0.0187624097437403,0.0101596169534817,0.00829238600138048,0.184854995144329,0.215660435768228,0.160997924417071,0.134738723059723,0.0220885301848927,0.109700476609852
0.252399085942102,0.186512754422663,0.344140738586798,0.156086553966863,0.0557606601261881,0.22289156626506,0.029013659714691,0.0181394708281109,0.00318945278503805,0.0130718954248366,0.0490278174630185,0.14145182858376,0.505453375485752,0.3410590808723,0.410903462882391,0.0372406896747524,0.0433351618211739,0.0185217450946048,0.0369953281502494,0.460022362067762,0.153340392483792,0.0711727842435094,0.0817108899751514,0.0432756507814016,0.266864632832995,0.0207988292648293,0.0650684931506849,0.00509578359159013,0.0152396830280003,0.0547562441995398,0.00158326786717828,0.0330359536525805,0.00973529128673342,0.0293227336962761,0.0415086166117668,0.0474713192499207,0.151773132411378,0.0141317342354937,0.106417708238539,0.00467446598582796,0.0331270718055429,0.152732497514096,0.158074193152909,0.0334679645795332,0.282728003251069,0.271751102720508,0.489143083471977
0.0476726944427302,1.19505092941402,0.479645245710962,0.635971929424271,0.03903508737937,0.0200803212851406,0.00213134352748344,0.11843887158073,0.000610863300943132,0.00898692810457517,0.112843530584422,0.0657977221461312,0.152194695465371,0.00599755478654393,0.0415099418777644,0.0191416432042418,0.00511976595355641,0.0223545261240914,0,0.0726327379976814,0.0467705975701547,0.0429722470904208,0.20606553001544,0.0796280603077824,0.122664191141216,0.00796501152918701,0.00342465753424657,0.00350017275887184,0.0297497425764738,0.104799679960425,0.00744052138994367,0.00326937411221659,0.0134666437073664,0.0264824378571497,0.0566319655050969,0.205808905263061,0.0739595358953386,0.00824648453988193,0.022489655327318,0.0068502453838367,0.0917722843280283,0.0818011581628907,0.222799476281296,0.0328589346993274,0.0543456826422972,0.0885829217229974,0.181201525718782
0.0390880512866494,0.0208479378484044,0.0911602209944751,0.0347400503562486,0.0367427837261205,0.206827309236948,0.0508752346138106,0.129704942600183,0.000795803412899852,0.00420168067226891,0.0171475751420403,0.0184301035284471,0.343918156470993,0.0220130657621635,0.126308616931739,0.643875549577482,0.206070579630646,0.315647571016655,0.00276154986419488,0.0377707583214715,0.0167370189456877,0.103849597135184,0.0137023379720027,0.00928134560104706,0.0783739595091439,0.0603326082097003,0.188356164383562,0.00390854745563168,0.0196449098514739,0.0138101564710045,0.395314405503654,0.0574668082889199,0.0325758446375779,0.0227380192432333,0.0139579483505596,0.0720147012646385,0.0345436909675739,0.0191361465937595,0.0249489340028363,0.00440195965368631,0.0283013336256888,0.134773183028908,0.0457733236803797,0.041315287262967,0.044657208633425,0.0348916188793633,0.152268823663307
0.0452849871230061,0.0408085974647724,0.0968304739749927,0.052778485750044,0.0168058590442566,0.118473895582329,0.0183939971495966,0.0186176426909936,0.00150079102596786,0.00536881419234361,0.0767646983621591,0.184843993325037,0.227874875267528,0.0106893930887174,0.0591341362720385,0.420235742589648,1.11025781678552,0.127646739811381,0.000244175132413358,0.0764742643937529,0.13821747645709,0.0689346463742166,0.0251765772278586,0.00177000715155247,0.04541706702623,0.0104927424195122,0.0547945205479452,0.00207333472063622,0.00574465468713613,0.0125587816588552,0.0152096167581541,0.00607144016257904,0.0469167203191843,0.0117909787044016,0.0170270990926054,0.0812247566351793,0.0445558476279259,0.103471751894276,0.0169813962560511,0.00336318943461343,0.011085775587832,0.111143718828352,0.0412035797770993,0.158375738063507,0.0871773512737217,0.0673717327198701,0.192668638143163
0.0244056984218822,0.0518846035941875,0.124600174469322,0.0329573495570853,0.013478919020861,0.172690763052209,0.0194855706696046,0.0153887797368225,0.00214655312538567,0.0105042016806723,0.0202271301515778,0.0186559629184831,0.190574564718397,0.00799352880672565,0.0338558141739398,0.0896249369609169,0.334430426037667,0.076692681785975,0.0444660813274926,0.0519464839172911,0.0126347716718593,0.0250671441360788,0.0388083113662807,0.0282529516320255,0.107227166795355,0.0330674241346746,0.0273972602739726,0.00390900282824789,0.00349842628949582,0.0310461748851264,0.0303508612301149,0.00699951848162716,0.00762829278690905,0.0267501662687265,0.00977199707796892,0.0501460568763021,0.0269130972204724,0.118154084624512,0.0101869284672361,0.00330253755504585,0.00636653989320566,0.11625316922041,0.040448198057233,0.0128357592958578,0.0961542517222347,0.042536581296135,0.148906189767935
0.0289017711344673,0.584894009861409,0.17272462925269,0.0389366933853222,0.0310999441261191,0.0281124497991968,0.041312639150472,0.0227790378988782,0.0503446510746468,0.109710550887022,0.0278747309871728,0.00278325346437682,0.280109438679959,0.0330215343363377,0.190545656241482,0.011368386836625,0,0.00895763753064289,0,0.380737100228562,0.00884173553701305,0.0456580125335721,0.00156704724259512,0.0145857849898946,0.14909936013178,0.0437457531558419,0.13013698630137,0.0588576923600165,0.00116474142560311,0.00541397907943042,0,0.0417407313422636,0.00543669494124343,0.00775751042644909,0.0217426542528543,0.027808215120914,0.0491052812633711,0.00279710294258863,0.00977255915681559,0.0452548446756619,0.0335623641045737,0.120540508244982,0.0394629558441196,0.0080565311099386,0.0103348847106256,0.00827851527580038,0.326112857114651
0.145729199221072,0.079521919978409,0.142774062227392,0.0772315739456943,0.00631855241438387,0.0522088353413655,0.00508369811667701,0.049021159946016,0.00122102543752882,0.0117880485527544,0.0796943350981492,0.221619210446379,0.577546139571478,0.00800040882051931,0.0465791030454085,0.0114028977801802,0.0345584201865058,0.0111103477475854,0,0.095748217609809,0.539424776476314,0.227842435094002,0.19830389928775,0.00912451374908422,0.0645296493730063,0.0103944518498932,0.0410958904109589,0.00816125357910964,0.016579769934142,0.0402428547287356,0.0274710245618601,0.0490449821265434,0.00397267471014084,0.0175521314572943,0.00527311047982851,0.112055132561954,0.122609334408098,0.125203509561862,0.0458265747697846,0.0142138961144356,0.0289265661560143,0.038292505440401,0.0187404095958669,0.00484870790764354,0.0942705108064685,0.26694860163343,0.136598211901682
0.0136298780981346,0.0401281929186296,0.150479790636813,0.00846936135181782,0.0134745718657235,0.0281124497991968,0.00227455427894188,0.0104428663039827,0.00173495976891727,0.00455182072829132,0.0191067003921246,0.0117625197997663,0.155497206913565,0.00698273605701876,0.0398647569431651,0.00738714754997356,0.00109709270433352,0.0042984745677252,0.0531798296237756,0.0171423226814355,0.00769687004261952,0.870635631154879,0.0059042310776464,0.00289587394666321,0.285454070131816,0.00706957244100218,0.023972602739726,0.00637204250077448,0.0824925456260061,0.00358845931225898,0.0121894606247917,0.0150900403615437,0.00401940688404973,0.0110498676529705,0.00919898614680089,0.0307223956009073,0.0174912511975419,0.00116417524173819,0.00823143362419385,0.00623432981808707,0.00339225787205707,0.105734234847768,0.00675427508725286,0.00367430349645444,0.0144159607820604,0.0354590856957703,0.0846297850104587
0.0158090088329015,0.0438732925669708,0.0716778133178249,0.04145272905835,0.065049829479715,0.0562248995983936,0.00542096443235224,0.0135202586917773,0.166200028951862,0.669234360410831,0.0294648673351798,0.00767753691650398,0.21176067108843,0.0139382709766662,0.150916184977812,0.0548650503452256,0.00274273176083379,0.0899373000484012,0.0162557211216607,0.0487401102749131,0.0108230050444785,0.0886302596239928,0.0705834038750887,0.0023525445306032,0.156389623485744,0.00938255623267168,0.136986301369863,0.0197928021309999,0.00159557724058117,0.00448994544365586,0.00114751551968783,0.00635946077325983,0.00519416906972242,0.0126135956175122,0.0252966019475337,0.0228722979923429,0.0319194922665524,0.00107462330006602,0.00398651008740938,0.0115845089974073,0.0373008872373209,0.121422044547776,0.0201862050973429,0.0044421124493441,0.0169930988792923,0.0169937291241532,0.318181439360419
0.000922587904414139,0.00263825653802598,0.00567025298051759,0,0.00770599900448808,0.00803212851405623,0.0196635275142588,0.00617083814837117,0.0292809136040951,0.512721755368814,0.00470960729413097,0.00136162386665552,0.0273565453378801,0.0111203493199404,0.0680139440620303,0.00808319437156021,0,0.00308217974139712,0.000855981423356191,0.019491622694252,0.00108329623415008,0.0174574753804834,0.000364632234932617,0.00160757098339284,0.00947182511732242,0.00450769966740933,0.0410958904109589,0.00088017891813208,0.000456397030685456,0.000560564734629189,0,0.00387960879872833,0.003506556553065,0.0367096885970096,0.00183826466736584,0.00242402606580005,0.0153018398790543,2.23879854180421e-05,0.00423159678569149,0.00109429658769109,0.00671653001949484,0.0299799094192429,0.0167732543771141,0.00349796351709537,0.00301092372440642,0.00596662059118014,0.81300110550394
0.535312004365223,0.176191129719504,0.388339633614423,0.218070873579807,0.0908045613741706,0.0461847389558233,0.0114364472481291,0.122642409816747,0.0136787539507169,0.0243930905695612,0.0818381883106201,0.097206194691312,0.656645077356746,0.283913130462414,0.78456178463879,0.0220405168204674,0.018102029621503,0.0202129145566587,0.00193479861477028,0.133021567136862,0.0848951432938218,0.110116383169203,0.164732358260497,0.0475046177201358,0.411096544890177,0.0361717585185527,0.023972602739726,0.0997087511842729,0.0145288463716741,0.0715333216788445,0.0186764452534553,0.0207668941153001,0.0171790625420331,0.515742941120675,0.0656460509184062,0.230077251797074,0.124451094192378,0.0336078863145237,0.0711418622383593,0.0413577478504888,0.0436340385146486,0.273931081578237,0.26801731586779,0.0404686838895348,0.12469429419554,0.228110525050787,0.180918829135327
0.112779125751938,0.16104774688492,0.453038674033149,0.132850718659734,0.453224243023414,0,0.00793085572650913,0.0507758476998995,0.0109873773721186,0.00922035480859011,0.0976341948791622,0.0634890529185978,0.479181564689862,0.0290616290977717,0.153988593808012,0.0186820776289687,0.0226732492228927,0.0164630188783259,0.0347770019821195,0.230963485119318,0.048957642542724,0.0707251566696508,0.0242494783230921,0.0805074706925552,0.577484463268377,0.0167397548349589,0.0993150684931507,0.0259825352546667,0.0114506686907573,0.0446176802312542,0.00860708784622459,0.0161766733165385,0.00690071517234602,0.359932182614902,0.110515868353669,0.446735809347492,0.399941253980572,0.0794647911220497,0.0879950908748263,0.0175676887789752,0.0454253840399726,0.564289023311298,0.141453346802758,0.0118487382598006,0.647727943838862,0.0830459004383808,0.165038389589423
0.106243323419204,0.28352319308383,0.503780168653678,0.0955869092528352,0.0587457074451464,0.0281124497991968,0.00795046179991646,0.00915088587005016,0.0304113751692237,0.0266106442577031,0.327698072796223,0.0715001933341652,0.698084286903217,0.0957394922379962,0.319322957986051,0.0171331852095967,0.00164563905650027,0.0142960954243611,0,0.154005416214369,0.0976166464235926,0.0376007162041182,0.0129461971748118,0.0253963078987399,0.187040495613643,0.0152538150317105,0.0410958904109589,0.00924713082249087,0.00252643529257674,0.140683694433958,0.00473485318960252,0.00400362064948507,0.0207690148589263,0.0119966329326793,0.101932573567751,0.0608095521809928,0.276746794924147,0.000805967475049515,0.0214013685178264,0.00810257855913345,0.0125556180440356,0.110329511561847,0.167770878049606,0.102647803878742,0.112231947482958,0.0729941658267452,0.220216752560939
0.310221722411898,0.0481530192026278,0.150334399534748,0.0246101141440325,0.0689295781122273,0.0441767068273093,0.00684605723924714,0.028300646918797,0.0104460597406932,0.0218253968253968,0.0316755563902983,0.231304497668721,0.827697031589125,0.0848869649363994,0.345775439954294,0.00956419118886099,0.00585116108977875,0.00645781297152266,0,0.107077234398394,0.136925328857314,0.00760966875559534,0.0766916980748697,0.00735450659753175,0.129921967759735,0.00883745181240677,0.0719178082191781,0.0063837266214343,0.00745333219561411,0.00881491109892109,0.00190669133966301,0.00514808160686529,0.00891545290636571,0.00995952232828314,0.135015594628459,0.123640841010563,0.191077778825013,0.00183581480427945,0.0357009888983238,0.00350670374119587,0.0431400070616147,0.104639304764912,0.0355103347655071,0.0123190198860217,0.13939962973066,0.168452601615972,0.26602894234245
0.100991721339351,0.141743892581487,0.468159348647863,0.167308479491617,0.0752807892505099,0.0783132530120483,0.0225167411320063,0.0363667875613207,0.00599762613479026,0.0101540616246499,0.0289371425317668,0.0359115993647807,0.695927221183519,0.108399058597311,0.447122652909786,0.117607727526728,0.00438837081733406,0.126196726510544,0,0.0866307568747656,0.0121119422661763,0.610564010743062,0.00531344877254712,0.0127709655591546,0.12126132342046,0.0476536352997747,0.164383561643836,0.0061050879798846,0.0079157023128355,0.0311250378070774,0.0434640605445014,0.0500974573369515,0.0341687892244044,0.00940368903970979,0.0624705007616915,0.407067829441767,0.0962259034502562,0.00539410925108151,0.024397134325678,0.00731410412475493,0.0122334948286072,0.113058597676101,0.144186703665667,0.104952626426166,0.0910920652713223,0.0234104580125315,0.192773037997495
0.0823072434788036,1.12051832579373,0.533730735678976,0.616125933564414,0.0596288853924571,0.00803212851405623,0.00380181606124055,0.0241872840794761,0.00331000730541081,0.0141223155929038,0.242388599070664,0.035032923442531,0.579179979297561,0.049704861629294,0.325213804210064,0.0241855037640385,0.00091424392027793,0.0123846150503652,0.000248911582186211,0.0652472802026551,0.0404981440172798,0.031781557743957,0.026504843074906,0.0405590037011015,0.183352476227142,0.0178833553737106,0.0479452054794521,0.00600584029581343,0.0110707288127485,1.40969362252966,0.0111564647183728,0.035404170745596,0.051048525137018,0.0553114124481515,0.241573796167044,0.167229077085332,0.051025542005107,0.0219941028212264,0.0355357702901245,0.0348671424849331,0.00634347515404482,0.14342950569752,0.268686089800819,0.0743659529496199,0.0354328467327853,0.0297066731523728,0.191991094584282
0.315103607482294,0.100984452947741,0.184065135213725,0.0574024247544767,0.048055003025863,0.228915662650603,0.0241429042108075,0.0246364469236325,0.00428463766054454,0.0284780578898226,0.0448496463523417,0.117492024550967,0.435901901537952,0.2847881146966,0.298643225696608,0.0180823441018195,0.0144450539403913,0.0149040026653476,0,0.0959879941665712,0.168054544463491,0.0286481647269472,0.0318461465821504,0.0111746032081553,0.200781216649718,0.0202272145990417,0.116438356164384,0.00640026445097585,0.00848559127773725,0.091607819528568,0.00492851459420633,0.0133309742743572,0.0225311581374353,0.0161940577210302,0.031410668421335,0.0581186673209915,0.0575392677225858,0.0123315942613413,0.0150117236074592,0.00881587883292116,0.0440302893060217,0.143309909517512,0.0607051972059121,0.0642795616830469,0.090959258785713,0.247387357391938,0.402889327169998
0.033318744754432,0.0128983539928921,0.0721139866240186,0.00528090896398945,0.0809212249446631,0.00401606425702812,0.0157441627828825,0.0924696317377009,0.000620734219884833,0.00291783380018674,0.0126403310658728,0.00389381116991876,0.535387768236951,0.159689798198585,0.291408602841215,0.00845853585189288,0,0.00695233199563578,0.131675897609883,0.0166049511275568,0.00414424816501929,0.602954341987466,0.0032974722417078,0.00128269864707357,0.121317804190259,0.02181519396192,0.0205479452054794,0.021679998309667,0.00228476605436113,0.024831069489256,0.0208291198332232,0.0627108967660121,0.00669605647275737,0.024918709892608,0.006760799049506,0.0297961456485832,0.0239067423949211,0.000313431795852589,0.00469776225991459,0.0728394903533612,0.021119227410576,0.0767984046608637,0.00865146855653795,0.0122314044136159,0.0103273444978673,0.00916571654921707,0.224656429411815
0.0639940694051787,0.348813682612631,0.476446641465542,0.0708626821682966,0.0374147658127949,0,0.0125023586868144,0.032062831718226,0.000397137560234571,0.00245098039215686,0.112819394213391,0.00523814683987596,0.318956672169465,0.0642172326177121,0.245770188808319,0.0103473626098864,0,0.00777144655820439,0.0269092717113906,0.0566051211834637,0.0107882317747802,0.0205908683974933,0.00374901874317226,0.0134991261577745,0.391282172144897,0.0514449346984458,0.11986301369863,0.0196642872458853,0.00225479677237892,0.0109323522611692,0.0347134350113758,0.320863247939888,0.00450445862709175,0.0088071028202967,0.027951327615292,0.0389287630108771,0.0727256382729619,0.0159808358844821,0.0297690977694825,0.0612994024508485,0.00735701978499976,0.145018552376789,0.0634518708987176,0.0119128092073154,0.0168818138100646,0.0298323141485686,0.141984296732393
0.154557208242944,0.0667842364217086,0.103082291363769,0.0132995145869453,0.0128706689019182,0.443775100401607,0.0177259998760486,0.0125682933164568,0.00498809698118184,0.00992063492063493,0.0206021531464126,0.103065483765885,0.499185668056006,0.0341539096899994,0.180340757577004,0.31426517455529,0.274273176083379,0.105437708467998,0.110682979579517,0.0693464388363827,0.0331496218517475,0.0313339301700985,0.297822320220315,0.00883884937575566,0.111739689864612,0.0129031779162158,0.11986301369863,0.00313673376110834,0.0105009845788636,0.00757085170265405,0.00858290812244816,0.00365413595376731,0.0082156738797454,0.0267297898033066,0.0138641214117935,0.041381854097193,0.0253771280105406,0.0387053708165041,0.022414418610812,0.00152911076656287,0.0110929629455053,0.154254215157076,0.0339954098164319,0.00749687924068391,0.105218875195574,0.107561317405106,0.195673236208083
0.140796975408849,0.434029568721381,0.409421343413783,0.191883114384758,0.442016974396793,0.036144578313253,0.0319079151084932,0.0193421205420715,0.00483264366233442,0.0170401493930906,0.189346458846433,0.0475909141268224,0.510282106521939,0.184218339196562,0.595910294008171,0.0234662751850115,0.00639970744194551,0.0255495362308795,0.307669641593545,0.0813327154572273,0.0739005208738333,0.149955237242614,0.0208949006894891,0.0453481130044861,0.794769436319336,0.0867242681459698,0.13013698630137,0.0255193932002159,0.00704760460745251,0.022003102519,0.231579091783228,1.00241003204351,0.0268309580649384,0.048068982379436,0.0804479450707747,0.0738478244889428,0.0870494853696226,0.00241790242514855,0.0274322206006958,0.0310580335977243,0.0147727469242496,0.721094049776703,0.138046222195608,0.0122014345829241,0.0407321832259867,0.0775498971350336,0.211283516490184
0.0450106143949123,0.20511036139152,0.331491712707182,0.0835667241960233,0.0156557072550109,0.0120481927710843,0.00895827404321032,0.348527014429235,0.000615448178235258,0.00455182072829132,0.059120029702808,0.0419282627423707,0.304123464735521,0.00697251309919367,0.0248424000201019,0.0124352240169152,0.00511976595355641,0.0146909591242681,0.00123098346895075,0.147175185654115,0.0227076234586292,0.0232766338406446,0.0235187851076844,0.0347784644401687,0.149976343102114,0.019806057246337,0.113013698630137,0.010269205995931,0.0058370956762056,0.013314189102135,0.163349239323354,0.00568486027970254,0.00650026277514526,0.0100002752591229,0.0139145413070498,0.427432273179744,0.210269450778706,0.01589128394281,0.0408782433835544,0.0591757324141584,0.188316624251631,0.0844829723224223,0.0589670701785378,0.0358494147029212,0.0854992757070064,0.0419647760394015,0.123979476628778
0.399062738127961,0.0499983115908536,0.0936318697295725,0.0130515458309228,0.0483159822843885,0.0502008032128514,0.0222814041167913,0.0279747393380259,0.00258222126959797,0.0122549019607843,0.0386478368616494,0.105307902302504,0.506424987642831,0.184741235927401,0.222237369844071,0.0120608178812792,0.00566831230572317,0.0110806429055258,0,0.123704292604517,0.0856887967580423,0.0143240823634736,0.036105831894877,0.0531899503568837,0.0826351545123661,0.0152495835012947,0.136986301369863,0.00260006151213103,0.0137252809092615,0.0102545211473112,0.000607338084219493,0.00676603911072,0.019052400172313,0.017140823000739,0.011007066204785,0.0850119355531153,0.0243868046659246,0.0158807875674343,0.0105358911779422,0.00097299282855593,0.0371325726785522,0.0736604254654596,0.18614150365329,0.0499134955061865,0.185601684174831,0.279854061507799,0.319271728990874
0.0245746051648044,0.0286578219428011,0.0965396917708636,0.014876580396688,0.122299503189601,0.112449799196787,0.0117135450642294,0.0151278284019251,0.00268927308552597,0.0121381886087769,0.0312476214283515,0.0268839269516548,0.160353542419595,0.00966449438874861,0.0473342117725864,0.0148589781488744,0.0124337173157799,0.0222625371825777,0.000242528069950921,0.0525416739115241,0.0467668492818522,0.0666965085049239,0.012393947698111,0.0042457798873246,0.169118858778651,0.0174962211295469,0.0445205479452055,0.00944706469362588,0.080725227197665,0.0131116657020288,0.00652125056337578,0.00622817675719995,0.0039638097081643,0.0266269626891678,0.0157987061786759,0.0275075158492396,0.0311274799689496,0.0638813580364258,0.0102340932574618,0.0176898467899352,0.0141894618468539,0.0979250758172047,0.0250491128283901,0.0068327960744987,0.0638459811017761,0.0922297595562363,0.19050520520869
0.0291266318759842,0.0649619296802573,0.19700494329747,0.0270420615251307,0.200321630513035,0.263052208835342,0.0181973929313092,0.00759173247243151,0.00206535631706391,0.00781979458450047,0.0266387318206971,0.0111194067397591,0.239339684228677,0.0202874513988898,0.0845474258503808,0.618091805138828,0.0376668495154507,0.724244597659233,0.104447576795875,0.120240286724483,0.0104174513755546,0.0416293643688451,0.00810440535923394,0.0176440951047174,0.114809521327818,0.0385898107700048,0.171232876712329,0.00251756899049858,0.0039128252791902,0.0120230175534369,0.00475409483811838,0.00795923786385667,0.0129537933763816,0.0158235021953147,0.0124665966953262,0.0491215149382829,0.0923795042572724,0.0108777704438352,0.0161286497128689,0.00226035032867339,0.00808303830926753,0.140872282906993,0.0723981678867593,0.0151781143584393,0.0804281026124916,0.0127042671475664,0.277161840913905
0.0316439934539303,0.0770763383801477,0.21168944460599,0.0243080817446567,0.0136486217971769,0.00803212851405623,0.00171151430981179,0.0102649472714753,0.000857258383338212,0.0061858076563959,0.029746134581306,0.0226288529139931,0.30649782241949,0.00774806246529634,0.036189077801061,0.00809534712244708,0,0.00323972620952992,0.251746425126449,0.0349818679545911,0.0133227404892201,0.0161145926589078,0.0770864399900841,0.011034562054396,0.11324766636011,0.00484871008541794,0.0547945205479452,0.00241536147315457,0.0045949902976355,0.00766567726424692,0.327907440284824,0.00692169202465811,0.00294697404817137,0.0155974715016171,0.0100609573765185,0.0233882192671992,0.243347366976557,0.00179103883344337,0.0060829319314909,0.0022953746534941,0.00666246185042941,0.0546226590831874,0.0402941254265331,0.00641770505561451,0.0144938473936164,0.0583170642312049,0.287086369997289
0.0385477058562955,0.257680506370822,0.438354172724629,0.330253297852849,0.131112284886285,0.00401606425702812,0.0326596736587553,0.0166746153307593,0.00193811342632669,0.00945378151260505,0.05365527017126,0.00836715987312458,0.357821484861348,0.0191173116518573,0.147274247705769,0.0529109554850529,0.00585116108977875,0.0535847651163821,0.0352457613419302,0.0455558437111014,0.00643759296455267,0.0223813786929275,0.0106919748650561,0.0181481943073998,0.244772490177125,0.161686056230548,0.0684931506849315,0.00455802467812699,0.00453775004866792,0.135395583742168,0.0122686196261006,0.0072810012876478,0.197305421195857,0.0123875649238147,0.0457191928695829,0.0523677443692517,0.125324716317866,0.00273133422100113,0.0187392528758558,0.0119663595631356,0.00554842539880979,0.223363056967384,0.267430155910388,0.930520080480434,0.015130222066815,0.0205559439424657,0.193560404400017
0.00920715394448759,0.0218431328910473,0.0597557429485315,0.0034404276429804,0.052006354222246,0.0240963855421687,0.241481085295551,0.00338973001227661,0.00244287800313089,0.0247432306255836,0.01303252849397,0.00221152322217323,0.10166708632981,0.0429789823516563,0.131831024817876,0.00791248052947409,0.00201133662461145,0.00679973633451291,0,0.0219208482259892,0.00589158137907083,0.00626678603401969,0.000695148976726872,0.00131630229386748,0.0932888277665495,0.1515895865569,0.438356164383562,0.00476605154477936,0.000789189173012038,0.0112206046444677,0,0.0178270062442176,0.00264885100076493,0.00796316465472674,0.00933930991197722,0.00774770010133544,0.0158056247845126,0,0.0696073538730465,0.00493586704424597,0.00131335444029292,0.0859674847142529,0.00948513504455699,0.00303247814364514,0.00688408404880594,0.00584768445730722,0.403174621977824
0.0832221025258666,0.40016723068707,0.765193370165746,0.116611589302894,0.0185572920280458,0.0381526104417671,0.00320355064902761,0.031825717335875,0.00051240603895775,0.00163398692810458,0.779954530341932,0.176733588156395,0.455257905978739,0.0173211357387486,0.126577190775828,0.0122929164747528,0.0025598829767782,0.00970560457557499,0.0136986190825019,0.10160148626212,0.101443706170477,0.0192479856759176,0.0336202991407305,0.0336022033000606,0.358950289391235,0.0106513287937415,0.023972602739726,0.00234433573928477,0.00292798130890898,0.113447060693571,0.00646658227653875,0.00190489443385271,0.013541174469218,0.0101448000911409,0.0749868673940488,0.0427393897741264,0.260136533879349,0.00190297876053358,0.131459645814208,0.00234150425203846,0.0488985314856078,0.171802473958521,0.545967787147958,0.0511021210058428,0.0500272916136324,0.0547856128988445,0.2044116588463
0.0769290770251032,0.348753117190783,0.506106426286711,0.0931964267764277,0.0540510000383392,0.0160642570281125,0.00602225784852287,0.0281019635273959,0.000837516545454811,0.00326797385620915,0.276923705796578,0.011486358150871,0.330550131029811,0.0364222840261335,0.237343627736821,0.00882714114035558,0,0.00513571497848853,0.000251009896268962,0.0407951738474417,0.0233802528977881,0.0129811996418979,0.00380075684340356,0.0244552722861891,0.153228100487955,0.0145116320488062,0.0650684931506849,0.00159667679038225,0.00182264287244236,0.0550284046487807,0.0137139067986601,0.00198999305612492,0.00676172223263245,0.00504136295392092,0.055272288207983,0.019069779202468,0.0953347414580079,0.00168959528172886,0.017532061193934,0.00377066755508857,0.00879317945204782,0.065671499010189,0.157386276276905,0.0259828221552577,0.0247072315537666,0.0128121599787898,0.186168140061494
0.278834715438418,0.122416929419318,0.25574294853155,0.130632998507589,0.0128882028609684,0,0.00587601909310674,0.0257380650674801,0.00575193221675263,0.00933706816059758,0.323243273664472,0.148114840967125,0.606851085061611,0.0415112441388912,0.198015564776369,0.00647208575784199,0.00493691716950082,0.00738352872445726,0,0.0489798868316752,0.356053246026269,0.00805729632945389,0.0241331583396327,0.0175544705463424,0.136897097076712,0.00497472841381927,0.0924657534246575,0.00105045233607304,0.0146844598145328,0.188339843179581,0.0182273923953586,0.00126301868415959,0.00857059768505038,0.0140541200024953,0.0196184957503448,0.0696769941855762,0.0293426922035528,0.0108224980976234,0.0281327916019529,0.00279682047470774,0.0303986626114291,0.0728297400131826,0.082330539389783,0.0305121413062095,0.0778688535955163,0.176726778451446,0.23292405595739
0.768634955098815,0.0369658085318001,0.0401279441698168,0.0335302312247124,0.00758717800780056,0.0200803212851406,0.00473989644319933,0.0650485943125517,0.0137893115884322,0.0376984126984127,0.11030980265657,0.239824460499547,0.481367960158768,0.37700347988515,0.575197727259598,0.00912720395963369,0.00365697568111172,0.00399160586563445,0,0.111815797183487,0.532158121535535,0.0608773500447627,0.0413383763563038,0.0080546678655546,0.0268542753269396,0.00488671973342315,0.342465753424658,0.00344122439781245,0.0117240169622331,0.0263043407641001,0.0661268626052815,0.00721771916128504,0.0323131815980776,0.0228204698919522,0.0142920289034991,0.186951015547358,0.0150062211442096,0.00472246968854025,0.00947076123633514,0.00282671928857908,0.0259745975409562,0.0365623892063561,0.0218527057715125,0.0645053055590538,0.184230674711841,0.464771182587125,0.186904911921876
0.611693054992025,0.636993568698101,0.25734225065426,0.0922116958886854,0.0850451753542269,0.0261044176706828,0.0334354165657354,0.190295601258966,0.00319919774026394,0.00793650793650794,0.159950743866236,0.23891689672727,0.665201950964118,0.525500543634157,0.471447952115,0.0140263459429732,0.0148107515085025,0.0067137363958466,0.000288285022805799,0.0588744956773594,0.237489130808207,0.0286481647269472,0.106903926470438,0.014725803893267,0.196373920564867,0.035388165780314,0.136986301369863,0.0152937051071104,0.011840474587606,0.00796397015057594,0.225132115539813,0.0115111784627767,0.0292538096161223,0.0333358255088087,0.0701681092741819,0.246469940001247,0.0427763041402331,0.0174122717165702,0.0315781831834521,0.0280057918273728,0.0563820813629617,0.126141912630859,0.129900299620846,0.0553669411811733,0.130013127845462,0.243210126686901,0.144423105132211
0.132449190007242,0.389300715372575,1,1,0.10566863111064,0,0.00302232612547218,0.00997537120912676,0.00970477100043564,0.00630252100840336,0.139732431342447,0.0267700491660753,0.482141584833318,0.118760342706693,0.344316742715962,0.035688866004592,0.00603400987383434,0.0345014249308525,0.0231633526598498,0.0606864241362973,0.0189043610716483,0.0550581915846016,0.0204910925581829,0.0302694151939159,0.549018236301983,0.0146355865578647,0.0753424657534247,0.0158816673874241,0.00403943756292839,0.0685427347317728,0.361913292660702,0.0466455090109498,0.516135793739232,0.00773713396102922,0.0512309204082746,0.118264757178892,0.295756487122582,0.00705221540668326,0.0510888960883128,0.00789499536568385,0.00378236681210482,0.280244321545774,0.185454419079155,0.391559937003256,0.0561186371088558,0.031592518163424,0.207024477085297
0.0275060523092401,0.226587524917082,0.52457109624891,0.196499909252843,0.462653683616332,0.0803212851405623,0.00590144149948591,0.0109317404153867,0.00156670490998254,0.00595238095238096,0.0711263512087294,0.0148375494952054,0.259030952448016,0.00874242738218347,0.0490632976768721,0.152430360789293,0.0197476686780033,0.15756981838959,0.0772106732765028,0.0849565723751029,0.0112878790006643,0.0649059982094897,0.00851433895889487,0.757754942638363,0.171076268433099,0.0148756338302816,0.0719178082191781,0.0153006907313201,0.0286563511355874,0.0325590909944294,0.0111900445630235,0.00692714614863547,0.00689185017036949,0.00736657843531366,0.0553149919571923,0.128524382699563,0.286487395515457,0.0144360648906372,0.0437342169296423,0.0195999538704014,0.0067656330303451,0.132720813522178,0.424797289244318,0.015949568091474,0.0456980839754876,0.0342351906077035,0.11458010810071
0.0406605268010257,0.276348030166137,0.44635068333818,0.342712798382408,0.137905908712359,0.00401606425702812,0.0332418403514056,0.0174531422933049,0.00208592528302057,0.0108543417366947,0.0636690454055826,0.00904897553866172,0.37061937535733,0.0193032252372927,0.153669407158831,0.0542246457430559,0.00731395136222344,0.0544063550824557,0.0412899351970569,0.055610303594627,0.00680400989537144,0.0223813786929275,0.0115397518983333,0.0193860806752859,0.253886157698109,0.170358626318967,0.0821917808219178,0.00486993560483509,0.00472108744740291,0.150487000553256,0.0126051252799271,0.00753993323711599,0.203954745494705,0.0122022871609569,0.0485299578973961,0.0546160404411098,0.143868178782986,0.00311192997310785,0.0211704596250938,0.0118843513879456,0.00574026185653218,0.2285011385258,0.281854818850408,0.957533838380821,0.0185448921727146,0.0239783192326045,0.193682088850411
0.00562062460775681,0.0169619878335119,0.0226810119220704,0.00639206191026347,0.0756463611242606,0.0321285140562249,0.549262142250614,0.707269969945637,0.00865047212941085,0.0264939309056956,0.0208537169514468,0.00795559474652231,0.090009465724228,0.0209036271628024,0.154995405444249,0.00938964797999225,0,0.00573891158464263,0,0.0441214357682008,0.00625513415680378,0.0559534467323187,0.00146335775832661,0.00322635059917928,0.0844333035847047,0.138994272022228,0.208904109589041,0.00750244148417959,0.00203498143029785,0.00718140226651033,0.000283857525154773,0.00460840121201945,0.0033385614433956,0.0096917939167064,0.00703568030848745,0.00691981084783526,0.00980122165065633,0.00683604145854528,0.00664399435580305,0.0177607496914015,0.00818232163706899,0.0750647095310241,0.0216286713913449,0.00357143244294781,0.0157777853854695,0.0061831950609591,0.124026380982657
0.00460120655581776,0.00989673962978439,0.0417272462925269,0.00893899109377892,0.0578024715979594,0,0.879055478913832,0.601993138191773,0.00381114009671196,0.00992063492063493,0.0188054751777052,0.00642399100876324,0.0587299144826386,0.0140420304661039,0.0699272491352535,0.00646519605042266,0.00365697568111172,0.00456222321439402,0.0577822501877552,0.0680140634909692,0.00723560989717999,0.34243509400179,0.00357469009506146,0.0014003225360457,0.0574813269192645,0.0910147782467059,0.102739726027397,0.00688412533833662,0.00146181769385701,0.00179363970323575,0.000425786287732159,0.00374832478266845,0.00304043839598916,0.0161319835377311,0.00570252453519946,0.00873520647172205,0.0220258904898647,2.23879854180421e-05,0.0174003969400485,0.00224155678852569,0.0941488071694252,0.0613934803797993,0.0150984306842596,0.00406752624220165,0.0112843809468499,0.0121506044594713,0.174750761385795
0.00470553530504266,0.0104480562572527,0.0449258505379471,0.0113331904486788,0.0583896643168505,0,0.888427526166799,0.633863456839088,0.00382629705730323,0.00992063492063493,0.0186049676497624,0.00665576150875975,0.0596563429674981,0.0141316902433447,0.0701958229793432,0.00628681042981143,0.00365697568111172,0.00473957291056655,0.0575479722963032,0.0686313605637686,0.00762882281854393,0.34243509400179,0.00376469848033606,0.0014003225360457,0.0588161922486098,0.0941073533541534,0.102739726027397,0.00699035864661744,0.00145759524031335,0.00188964517061609,0.00042189635749101,0.00374832478266845,0.00311496915784077,0.0164200884147277,0.0058351854904041,0.00918341243506788,0.0229296764447955,2.23879854180421e-05,0.0172684490013442,0.00218517616808259,0.0941711205755156,0.0624540377979099,0.0160103819404313,0.00413344684362343,0.0115149083496675,0.0132559578173312,0.186040341064895
0.0559189090085243,0.0263872226195007,0.128234952020936,0.0645321176583713,0.0227253571468551,0.0542168674698796,0.0161199222205418,0.120093653768593,0.00125662540036094,0.0115546218487395,0.0336926998552418,0.0768373823605243,0.213789086908931,0.0100767021852043,0.051866225252051,0.00757372201091477,0.049917718047175,0.00840905864125048,0.172960256181643,0.0653050986430095,0.0634208850579309,0.108325872873769,0.103378406128875,0.0338318690121949,0.0689673888130962,0.0166231795311955,0.181506849315068,0.012334427014228,0.310082515113855,0.0944524344742643,0.131079370057537,0.010492547397479,0.00733016973950261,0.0297340421528314,0.0383300533277215,0.14983838680892,0.0250279278699799,0.677418237361757,0.0211852048002811,0.0366192129777937,0.04787374865835,0.0650599488363614,0.0311096449265594,0.00918318388502896,0.114165612459443,0.185768431619132,0.175478635395044
0.0204883925331539,0.0305008949268958,0.102646118057575,0.0248689439148952,0.0132855370752316,0.0542168674698796,0.00515996533581453,0.0205460760128243,1.04445804854234,0.981792717086835,0.0533210909580219,0.0250161558339346,0.273367139487547,0.010307992920616,0.106855018433928,0.00866772189045012,0.00146279027244469,0.00747487848196348,0.000270488133697546,0.0327124934606953,0.017073026075215,0.0644583706356311,0.0287204917650257,0.00185402739373069,0.096394291412911,0.00512628446543517,0.0410958904109589,0.00199763119713812,0.00241518868446635,0.0133803090415813,0.00751414390833198,0.00983067319320221,0.00541776135527725,0.0119141822839603,0.0102856787235338,0.0875319002326963,0.0176563012024039,0.0133824343413226,0.0131789139559675,0.00623262131443728,0.0288849446761149,0.115244878946018,0.01980560118087,0.00882358259323242,0.0245286987116898,0.0239704311592835,0.152844603143431
